legality_snapshot_key,pokemon_key,pokemon_id,regulation_code,is_legal,snapshot_date,source_name,source_url,source_record_id,extracted_at_utc,dataset_version
venusaur-mega::m-a::2026-07-19,venusaur-mega,3,m-a,true,2026-07-19,PokéBase,https://pokebase.app/pokemon-champions/pokemon/venusaur-mega,69ccbd27f4bc7a1a754aeb3d:69cb1857fda33e50a24b293e,2026-07-19 06:15:49.510565+00,0.0.0-dev
venusaur::m-a::2026-07-19,venusaur,3,m-a,true,2026-07-19,PokéBase,https://pokebase.app/pokemon-champions/pokemon/venusaur,69c72d28f556071a643f731e:69cb1857fda33e50a24b293e,2026-07-19 06:15:49.510565+00,0.0.0-dev
charizard::m-a::2026-07-19,charizard,6,m-a,true,2026-07-19,PokéBase,https://pokebase.app/pokemon-champions/pokemon/charizard,69c72d2ef556071a643f741c:69cb1857fda33e50a24b293e,2026-07-19 06:15:49.510565+00,0.0.0-dev
charizard-mega-x::m-a::2026-07-19,charizard-mega-x,6,m-a,true,2026-07-19,PokéBase,https://pokebase.app/pokemon-champions/pokemon/charizard-mega-x,69ccbd28f4bc7a1a754aeb8e:69cb1857fda33e50a24b293e,2026-07-19 06:15:49.510565+00,0.0.0-dev
charizard-mega-y::m-a::2026-07-19,charizard-mega-y,6,m-a,true,2026-07-19,PokéBase,https://pokebase.app/pokemon-champions/pokemon/charizard-mega-y,69ccbd2bf4bc7a1a754aec0b:69cb1857fda33e50a24b293e,2026-07-19 06:15:49.510565+00,0.0.0-dev
blastoise::m-a::2026-07-19,blastoise,9,m-a,true,2026-07-19,PokéBase,https://pokebase.app/pokemon-champions/pokemon/blastoise,69c72d32f556071a643f74bc:69cb1857fda33e50a24b293e,2026-07-19 06:15:49.510565+00,0.0.0-dev
blastoise-mega::m-a::2026-07-19,blastoise-mega,9,m-a,true,2026-07-19,PokéBase,https://pokebase.app/pokemon-champions/pokemon/blastoise-mega,69ccbd2cf4bc7a1a754aec62:69cb1857fda33e50a24b293e,2026-07-19 06:15:49.510565+00,0.0.0-dev
beedrill::m-a::2026-07-19,beedrill,15,m-a,true,2026-07-19,PokéBase,https://pokebase.app/pokemon-champions/pokemon/beedrill,69c72d3af556071a643f75c8:69cb1857fda33e50a24b293e,2026-07-19 06:15:49.510565+00,0.0.0-dev
beedrill-mega::m-a::2026-07-19,beedrill-mega,15,m-a,true,2026-07-19,PokéBase,https://pokebase.app/pokemon-champions/pokemon/beedrill-mega,69ccbd31f4bc7a1a754aed1f:69cb1857fda33e50a24b293e,2026-07-19 06:15:49.510565+00,0.0.0-dev
pidgeot-mega::m-a::2026-07-19,pidgeot-mega,18,m-a,true,2026-07-19,PokéBase,https://pokebase.app/pokemon-champions/pokemon/pidgeot-mega,69ccbd32f4bc7a1a754aed3f:69cb1857fda33e50a24b293e,2026-07-19 06:15:49.510565+00,0.0.0-dev
pidgeot::m-a::2026-07-19,pidgeot,18,m-a,true,2026-07-19,PokéBase,https://pokebase.app/pokemon-champions/pokemon/pidgeot,69c72d3bf556071a643f75e6:69cb1857fda33e50a24b293e,2026-07-19 06:15:49.510565+00,0.0.0-dev
arbok::m-a::2026-07-19,arbok,24,m-a,true,2026-07-19,PokéBase,https://pokebase.app/pokemon-champions/pokemon/arbok,69c72d43f556071a643f7746:69cb1857fda33e50a24b293e,2026-07-19 06:15:49.510565+00,0.0.0-dev
pikachu::m-a::2026-07-19,pikachu,25,m-a,true,2026-07-19,PokéBase,https://pokebase.app/pokemon-champions/pokemon/pikachu,69c72d44f556071a643f775d:69cb1857fda33e50a24b293e,2026-07-19 06:15:49.510565+00,0.0.0-dev
raichu-alola::m-a::2026-07-19,raichu-alola,26,m-a,true,2026-07-19,PokéBase,https://pokebase.app/pokemon-champions/pokemon/raichu-alola,69ccbd3ff4bc7a1a754aef2d:69cb1857fda33e50a24b293e,2026-07-19 06:15:49.510565+00,0.0.0-dev
raichu-mega-x::m-b::2026-07-19,raichu-mega-x,26,m-b,true,2026-07-19,PokéBase,https://pokebase.app/pokemon-champions/pokemon/raichu-mega-x,69ccbd41f4bc7a1a754aef83:6a32340ff2658b4c0c2451c5,2026-07-19 06:15:49.510565+00,0.0.0-dev
raichu-mega-y::m-b::2026-07-19,raichu-mega-y,26,m-b,true,2026-07-19,PokéBase,https://pokebase.app/pokemon-champions/pokemon/raichu-mega-y,69ccbd43f4bc7a1a754aefe6:6a32340ff2658b4c0c2451c5,2026-07-19 06:15:49.510565+00,0.0.0-dev
raichu::m-a::2026-07-19,raichu,26,m-a,true,2026-07-19,PokéBase,https://pokebase.app/pokemon-champions/pokemon/raichu,69c72d44f556071a643f7754:69cb1857fda33e50a24b293e,2026-07-19 06:15:49.510565+00,0.0.0-dev
raichu::m-b::2026-07-19,raichu,26,m-b,true,2026-07-19,PokéBase,https://pokebase.app/pokemon-champions/pokemon/raichu,69c72d44f556071a643f7754:6a32340ff2658b4c0c2451c5,2026-07-19 06:15:49.510565+00,0.0.0-dev
clefable::m-a::2026-07-19,clefable,36,m-a,true,2026-07-19,PokéBase,https://pokebase.app/pokemon-champions/pokemon/clefable,69c72d52f556071a643f7960:69cb1857fda33e50a24b293e,2026-07-19 06:15:49.510565+00,0.0.0-dev
clefable-mega::m-a::2026-07-19,clefable-mega,36,m-a,true,2026-07-19,PokéBase,https://pokebase.app/pokemon-champions/pokemon/clefable-mega,69ccbd47f4bc7a1a754af07f:69cb1857fda33e50a24b293e,2026-07-19 06:15:49.510565+00,0.0.0-dev
ninetales-alola::m-a::2026-07-19,ninetales-alola,38,m-a,true,2026-07-19,PokéBase,https://pokebase.app/pokemon-champions/pokemon/ninetales-alola,69ccbd47f4bc7a1a754af072:69cb1857fda33e50a24b293e,2026-07-19 06:15:49.510565+00,0.0.0-dev
ninetales::m-a::2026-07-19,ninetales,38,m-a,true,2026-07-19,PokéBase,https://pokebase.app/pokemon-champions/pokemon/ninetales,69c72d50f556071a643f7913:69cb1857fda33e50a24b293e,2026-07-19 06:15:49.510565+00,0.0.0-dev
vileplume::m-b::2026-07-19,vileplume,45,m-b,true,2026-07-19,PokéBase,https://pokebase.app/pokemon-champions/pokemon/vileplume,69c72d58f556071a643f7a24:6a32340ff2658b4c0c2451c5,2026-07-19 06:15:49.510565+00,0.0.0-dev
arcanine::m-a::2026-07-19,arcanine,59,m-a,true,2026-07-19,PokéBase,https://pokebase.app/pokemon-champions/pokemon/arcanine,69c72d62f556071a643f7b45:69cb1857fda33e50a24b293e,2026-07-19 06:15:49.510565+00,0.0.0-dev
arcanine-hisui::m-a::2026-07-19,arcanine-hisui,59,m-a,true,2026-07-19,PokéBase,https://pokebase.app/pokemon-champions/pokemon/arcanine-hisui,69ccbd50f4bc7a1a754af1c3:69cb1857fda33e50a24b293e,2026-07-19 06:15:49.510565+00,0.0.0-dev
alakazam::m-a::2026-07-19,alakazam,65,m-a,true,2026-07-19,PokéBase,https://pokebase.app/pokemon-champions/pokemon/alakazam,69c72d68f556071a643f7bd6:69cb1857fda33e50a24b293e,2026-07-19 06:15:49.510565+00,0.0.0-dev
alakazam-mega::m-a::2026-07-19,alakazam-mega,65,m-a,true,2026-07-19,PokéBase,https://pokebase.app/pokemon-champions/pokemon/alakazam-mega,69ccbd53f4bc7a1a754af23b:69cb1857fda33e50a24b293e,2026-07-19 06:15:49.510565+00,0.0.0-dev
machamp::m-a::2026-07-19,machamp,68,m-a,true,2026-07-19,PokéBase,https://pokebase.app/pokemon-champions/pokemon/machamp,69c72d6af556071a643f7c08:69cb1857fda33e50a24b293e,2026-07-19 06:15:49.510565+00,0.0.0-dev
victreebel-mega::m-a::2026-07-19,victreebel-mega,71,m-a,true,2026-07-19,PokéBase,https://pokebase.app/pokemon-champions/pokemon/victreebel-mega,69ccbd54f4bc7a1a754af260:69cb1857fda33e50a24b293e,2026-07-19 06:15:49.510565+00,0.0.0-dev
victreebel::m-a::2026-07-19,victreebel,71,m-a,true,2026-07-19,PokéBase,https://pokebase.app/pokemon-champions/pokemon/victreebel,69c72d6df556071a643f7c56:69cb1857fda33e50a24b293e,2026-07-19 06:15:49.510565+00,0.0.0-dev
slowbro-galar::m-a::2026-07-19,slowbro-galar,80,m-a,true,2026-07-19,PokéBase,https://pokebase.app/pokemon-champions/pokemon/slowbro-galar,69ccbd5df4bc7a1a754af36d:69cb1857fda33e50a24b293e,2026-07-19 06:15:49.510565+00,0.0.0-dev
slowbro-mega::m-a::2026-07-19,slowbro-mega,80,m-a,true,2026-07-19,PokéBase,https://pokebase.app/pokemon-champions/pokemon/slowbro-mega,69ccbd5af4bc7a1a754af319:69cb1857fda33e50a24b293e,2026-07-19 06:15:49.510565+00,0.0.0-dev
slowbro::m-a::2026-07-19,slowbro,80,m-a,true,2026-07-19,PokéBase,https://pokebase.app/pokemon-champions/pokemon/slowbro,69c72d74f556071a643f7d23:69cb1857fda33e50a24b293e,2026-07-19 06:15:49.510565+00,0.0.0-dev
gengar::m-a::2026-07-19,gengar,94,m-a,true,2026-07-19,PokéBase,https://pokebase.app/pokemon-champions/pokemon/gengar,69c72d81f556071a643f7e80:69cb1857fda33e50a24b293e,2026-07-19 06:15:49.510565+00,0.0.0-dev
gengar-mega::m-a::2026-07-19,gengar-mega,94,m-a,true,2026-07-19,PokéBase,https://pokebase.app/pokemon-champions/pokemon/gengar-mega,69ccbd61f4bc7a1a754af3eb:69cb1857fda33e50a24b293e,2026-07-19 06:15:49.510565+00,0.0.0-dev
kangaskhan::m-a::2026-07-19,kangaskhan,115,m-a,true,2026-07-19,PokéBase,https://pokebase.app/pokemon-champions/pokemon/kangaskhan,69c72d91f556071a643f8021:69cb1857fda33e50a24b293e,2026-07-19 06:15:49.510565+00,0.0.0-dev
kangaskhan-mega::m-a::2026-07-19,kangaskhan-mega,115,m-a,true,2026-07-19,PokéBase,https://pokebase.app/pokemon-champions/pokemon/kangaskhan-mega,69ccbd6af4bc7a1a754af4f1:69cb1857fda33e50a24b293e,2026-07-19 06:15:49.510565+00,0.0.0-dev
starmie-mega::m-a::2026-07-19,starmie-mega,121,m-a,true,2026-07-19,PokéBase,https://pokebase.app/pokemon-champions/pokemon/starmie-mega,69ccbd6bf4bc7a1a754af528:69cb1857fda33e50a24b293e,2026-07-19 06:15:49.510565+00,0.0.0-dev
starmie::m-a::2026-07-19,starmie,121,m-a,true,2026-07-19,PokéBase,https://pokebase.app/pokemon-champions/pokemon/starmie,69c72d94f556071a643f807c:69cb1857fda33e50a24b293e,2026-07-19 06:15:49.510565+00,0.0.0-dev
pinsir-mega::m-a::2026-07-19,pinsir-mega,127,m-a,true,2026-07-19,PokéBase,https://pokebase.app/pokemon-champions/pokemon/pinsir-mega,69ccbd6df4bc7a1a754af571:69cb1857fda33e50a24b293e,2026-07-19 06:15:49.510565+00,0.0.0-dev
pinsir::m-a::2026-07-19,pinsir,127,m-a,true,2026-07-19,PokéBase,https://pokebase.app/pokemon-champions/pokemon/pinsir,69c72d99f556071a643f80fc:69cb1857fda33e50a24b293e,2026-07-19 06:15:49.510565+00,0.0.0-dev
tauros::m-a::2026-07-19,tauros,128,m-a,true,2026-07-19,PokéBase,https://pokebase.app/pokemon-champions/pokemon/tauros,69c72d9af556071a643f810c:69cb1857fda33e50a24b293e,2026-07-19 06:15:49.510565+00,0.0.0-dev
tauros-paldea-aqua-breed::m-a::2026-07-19,tauros-paldea-aqua-breed,128,m-a,true,2026-07-19,PokéBase,https://pokebase.app/pokemon-champions/pokemon/tauros-paldea-aqua-breed,69ccbd72f4bc7a1a754af5ff:69cb1857fda33e50a24b293e,2026-07-19 06:15:49.510565+00,0.0.0-dev
tauros-paldea-blaze-breed::m-a::2026-07-19,tauros-paldea-blaze-breed,128,m-a,true,2026-07-19,PokéBase,https://pokebase.app/pokemon-champions/pokemon/tauros-paldea-blaze-breed,69ccbd6ff4bc7a1a754af5a8:69cb1857fda33e50a24b293e,2026-07-19 06:15:49.510565+00,0.0.0-dev
gyarados::m-a::2026-07-19,gyarados,130,m-a,true,2026-07-19,PokéBase,https://pokebase.app/pokemon-champions/pokemon/gyarados,69c72d9cf556071a643f813a:69cb1857fda33e50a24b293e,2026-07-19 06:15:49.510565+00,0.0.0-dev
gyarados-mega::m-a::2026-07-19,gyarados-mega,130,m-a,true,2026-07-19,PokéBase,https://pokebase.app/pokemon-champions/pokemon/gyarados-mega,69ccbd6ef4bc7a1a754af577:69cb1857fda33e50a24b293e,2026-07-19 06:15:49.510565+00,0.0.0-dev
ditto::m-a::2026-07-19,ditto,132,m-a,true,2026-07-19,PokéBase,https://pokebase.app/pokemon-champions/pokemon/ditto,69c72d9cf556071a643f814b:69cb1857fda33e50a24b293e,2026-07-19 06:15:49.510565+00,0.0.0-dev
vaporeon::m-a::2026-07-19,vaporeon,134,m-a,true,2026-07-19,PokéBase,https://pokebase.app/pokemon-champions/pokemon/vaporeon,69c72d9ff556071a643f8185:69cb1857fda33e50a24b293e,2026-07-19 06:15:49.510565+00,0.0.0-dev
jolteon::m-a::2026-07-19,jolteon,135,m-a,true,2026-07-19,PokéBase,https://pokebase.app/pokemon-champions/pokemon/jolteon,69c72d9ff556071a643f8195:69cb1857fda33e50a24b293e,2026-07-19 06:15:49.510565+00,0.0.0-dev
flareon::m-a::2026-07-19,flareon,136,m-a,true,2026-07-19,PokéBase,https://pokebase.app/pokemon-champions/pokemon/flareon,69c72d9ff556071a643f818b:69cb1857fda33e50a24b293e,2026-07-19 06:15:49.510565+00,0.0.0-dev
aerodactyl::m-a::2026-07-19,aerodactyl,142,m-a,true,2026-07-19,PokéBase,https://pokebase.app/pokemon-champions/pokemon/aerodactyl,69c72da5f556071a643f8210:69cb1857fda33e50a24b293e,2026-07-19 06:15:49.510565+00,0.0.0-dev
aerodactyl-mega::m-a::2026-07-19,aerodactyl-mega,142,m-a,true,2026-07-19,PokéBase,https://pokebase.app/pokemon-champions/pokemon/aerodactyl-mega,69ccbd72f4bc7a1a754af5fb:69cb1857fda33e50a24b293e,2026-07-19 06:15:49.510565+00,0.0.0-dev
snorlax::m-a::2026-07-19,snorlax,143,m-a,true,2026-07-19,PokéBase,https://pokebase.app/pokemon-champions/pokemon/snorlax,69c72da5f556071a643f8212:69cb1857fda33e50a24b293e,2026-07-19 06:15:49.510565+00,0.0.0-dev
dragonite::m-a::2026-07-19,dragonite,149,m-a,true,2026-07-19,PokéBase,https://pokebase.app/pokemon-champions/pokemon/dragonite,69c72dabf556071a643f8294:69cb1857fda33e50a24b293e,2026-07-19 06:15:49.510565+00,0.0.0-dev
dragonite-mega::m-a::2026-07-19,dragonite-mega,149,m-a,true,2026-07-19,PokéBase,https://pokebase.app/pokemon-champions/pokemon/dragonite-mega,69ccbd77f4bc7a1a754af690:69cb1857fda33e50a24b293e,2026-07-19 06:15:49.510565+00,0.0.0-dev
meganium-mega::m-a::2026-07-19,meganium-mega,154,m-a,true,2026-07-19,PokéBase,https://pokebase.app/pokemon-champions/pokemon/meganium-mega,69ccbd78f4bc7a1a754af6aa:69cb1857fda33e50a24b293e,2026-07-19 06:15:49.510565+00,0.0.0-dev
meganium::m-a::2026-07-19,meganium,154,m-a,true,2026-07-19,PokéBase,https://pokebase.app/pokemon-champions/pokemon/meganium,69c72daef556071a643f82de:69cb1857fda33e50a24b293e,2026-07-19 06:15:49.510565+00,0.0.0-dev
typhlosion-hisui::m-a::2026-07-19,typhlosion-hisui,157,m-a,true,2026-07-19,PokéBase,https://pokebase.app/pokemon-champions/pokemon/typhlosion-hisui,69ccbd79f4bc7a1a754af6ba:69cb1857fda33e50a24b293e,2026-07-19 06:15:49.510565+00,0.0.0-dev
typhlosion::m-a::2026-07-19,typhlosion,157,m-a,true,2026-07-19,PokéBase,https://pokebase.app/pokemon-champions/pokemon/typhlosion,69c72db0f556071a643f8314:69cb1857fda33e50a24b293e,2026-07-19 06:15:49.510565+00,0.0.0-dev
feraligatr::m-a::2026-07-19,feraligatr,160,m-a,true,2026-07-19,PokéBase,https://pokebase.app/pokemon-champions/pokemon/feraligatr,69c72db1f556071a643f832e:69cb1857fda33e50a24b293e,2026-07-19 06:15:49.510565+00,0.0.0-dev
feraligatr-mega::m-a::2026-07-19,feraligatr-mega,160,m-a,true,2026-07-19,PokéBase,https://pokebase.app/pokemon-champions/pokemon/feraligatr-mega,69ccbd7af4bc7a1a754af6db:69cb1857fda33e50a24b293e,2026-07-19 06:15:49.510565+00,0.0.0-dev
ariados::m-a::2026-07-19,ariados,168,m-a,true,2026-07-19,PokéBase,https://pokebase.app/pokemon-champions/pokemon/ariados,69c72db7f556071a643f83b7:69cb1857fda33e50a24b293e,2026-07-19 06:15:49.510565+00,0.0.0-dev
ampharos::m-a::2026-07-19,ampharos,181,m-a,true,2026-07-19,PokéBase,https://pokebase.app/pokemon-champions/pokemon/ampharos,69c72dc1f556071a643f84b3:69cb1857fda33e50a24b293e,2026-07-19 06:15:49.510565+00,0.0.0-dev
ampharos-mega::m-a::2026-07-19,ampharos-mega,181,m-a,true,2026-07-19,PokéBase,https://pokebase.app/pokemon-champions/pokemon/ampharos-mega,69ccbd7ef4bc7a1a754af769:69cb1857fda33e50a24b293e,2026-07-19 06:15:49.510565+00,0.0.0-dev
azumarill::m-a::2026-07-19,azumarill,184,m-a,true,2026-07-19,PokéBase,https://pokebase.app/pokemon-champions/pokemon/azumarill,69c72dc2f556071a643f84d2:69cb1857fda33e50a24b293e,2026-07-19 06:15:49.510565+00,0.0.0-dev
politoed::m-a::2026-07-19,politoed,186,m-a,true,2026-07-19,PokéBase,https://pokebase.app/pokemon-champions/pokemon/politoed,69c72dc4f556071a643f84fe:69cb1857fda33e50a24b293e,2026-07-19 06:15:49.510565+00,0.0.0-dev
espeon::m-a::2026-07-19,espeon,196,m-a,true,2026-07-19,PokéBase,https://pokebase.app/pokemon-champions/pokemon/espeon,69c72dc9f556071a643f8591:69cb1857fda33e50a24b293e,2026-07-19 06:15:49.510565+00,0.0.0-dev
umbreon::m-a::2026-07-19,umbreon,197,m-a,true,2026-07-19,PokéBase,https://pokebase.app/pokemon-champions/pokemon/umbreon,69c72dcbf556071a643f85c0:69cb1857fda33e50a24b293e,2026-07-19 06:15:49.510565+00,0.0.0-dev
slowking-galar::m-a::2026-07-19,slowking-galar,199,m-a,true,2026-07-19,PokéBase,https://pokebase.app/pokemon-champions/pokemon/slowking-galar,69ccbd81f4bc7a1a754af7b1:69cb1857fda33e50a24b293e,2026-07-19 06:15:49.510565+00,0.0.0-dev
slowking::m-a::2026-07-19,slowking,199,m-a,true,2026-07-19,PokéBase,https://pokebase.app/pokemon-champions/pokemon/slowking,69c72dccf556071a643f85d9:69cb1857fda33e50a24b293e,2026-07-19 06:15:49.510565+00,0.0.0-dev
forretress::m-a::2026-07-19,forretress,205,m-a,true,2026-07-19,PokéBase,https://pokebase.app/pokemon-champions/pokemon/forretress,69c72dd0f556071a643f864a:69cb1857fda33e50a24b293e,2026-07-19 06:15:49.510565+00,0.0.0-dev
steelix-mega::m-a::2026-07-19,steelix-mega,208,m-a,true,2026-07-19,PokéBase,https://pokebase.app/pokemon-champions/pokemon/steelix-mega,69ccbd82f4bc7a1a754af7cf:69cb1857fda33e50a24b293e,2026-07-19 06:15:49.510565+00,0.0.0-dev
steelix::m-a::2026-07-19,steelix,208,m-a,true,2026-07-19,PokéBase,https://pokebase.app/pokemon-champions/pokemon/steelix,69c72dd1f556071a643f8664:69cb1857fda33e50a24b293e,2026-07-19 06:15:49.510565+00,0.0.0-dev
qwilfish::m-b::2026-07-19,qwilfish,211,m-b,true,2026-07-19,PokéBase,https://pokebase.app/pokemon-champions/pokemon/qwilfish,69c72dd4f556071a643f86a8:6a32340ff2658b4c0c2451c5,2026-07-19 06:15:49.510565+00,0.0.0-dev
scizor-mega::m-a::2026-07-19,scizor-mega,212,m-a,true,2026-07-19,PokéBase,https://pokebase.app/pokemon-champions/pokemon/scizor-mega,69ccbd83f4bc7a1a754af7e4:69cb1857fda33e50a24b293e,2026-07-19 06:15:49.510565+00,0.0.0-dev
scizor::m-a::2026-07-19,scizor,212,m-a,true,2026-07-19,PokéBase,https://pokebase.app/pokemon-champions/pokemon/scizor,69c72dd4f556071a643f86a4:69cb1857fda33e50a24b293e,2026-07-19 06:15:49.510565+00,0.0.0-dev
heracross::m-a::2026-07-19,heracross,214,m-a,true,2026-07-19,PokéBase,https://pokebase.app/pokemon-champions/pokemon/heracross,69c72dd6f556071a643f86ed:69cb1857fda33e50a24b293e,2026-07-19 06:15:49.510565+00,0.0.0-dev
heracross-mega::m-a::2026-07-19,heracross-mega,214,m-a,true,2026-07-19,PokéBase,https://pokebase.app/pokemon-champions/pokemon/heracross-mega,69ccbd84f4bc7a1a754af818:69cb1857fda33e50a24b293e,2026-07-19 06:15:49.510565+00,0.0.0-dev
skarmory-mega::m-a::2026-07-19,skarmory-mega,227,m-a,true,2026-07-19,PokéBase,https://pokebase.app/pokemon-champions/pokemon/skarmory-mega,69ccbd87f4bc7a1a754af86e:69cb1857fda33e50a24b293e,2026-07-19 06:15:49.510565+00,0.0.0-dev
skarmory::m-a::2026-07-19,skarmory,227,m-a,true,2026-07-19,PokéBase,https://pokebase.app/pokemon-champions/pokemon/skarmory,69c72ddef556071a643f87b0:69cb1857fda33e50a24b293e,2026-07-19 06:15:49.510565+00,0.0.0-dev
houndoom::m-a::2026-07-19,houndoom,229,m-a,true,2026-07-19,PokéBase,https://pokebase.app/pokemon-champions/pokemon/houndoom,69c72de1f556071a643f87e6:69cb1857fda33e50a24b293e,2026-07-19 06:15:49.510565+00,0.0.0-dev
houndoom-mega::m-a::2026-07-19,houndoom-mega,229,m-a,true,2026-07-19,PokéBase,https://pokebase.app/pokemon-champions/pokemon/houndoom-mega,69ccbd88f4bc7a1a754af87e:69cb1857fda33e50a24b293e,2026-07-19 06:15:49.510565+00,0.0.0-dev
tyranitar-mega::m-a::2026-07-19,tyranitar-mega,248,m-a,true,2026-07-19,PokéBase,https://pokebase.app/pokemon-champions/pokemon/tyranitar-mega,69ccbd8bf4bc7a1a754af8d7:69cb1857fda33e50a24b293e,2026-07-19 06:15:49.510565+00,0.0.0-dev
tyranitar::m-a::2026-07-19,tyranitar,248,m-a,true,2026-07-19,PokéBase,https://pokebase.app/pokemon-champions/pokemon/tyranitar,69c72dedf556071a643f890f:69cb1857fda33e50a24b293e,2026-07-19 06:15:49.510565+00,0.0.0-dev
sceptile-mega::m-b::2026-07-19,sceptile-mega,254,m-b,true,2026-07-19,PokéBase,https://pokebase.app/pokemon-champions/pokemon/sceptile-mega,69ccbd8cf4bc7a1a754af8f1:6a32340ff2658b4c0c2451c5,2026-07-19 06:15:49.510565+00,0.0.0-dev
sceptile::m-b::2026-07-19,sceptile,254,m-b,true,2026-07-19,PokéBase,https://pokebase.app/pokemon-champions/pokemon/sceptile,69c72df3f556071a643f898c:6a32340ff2658b4c0c2451c5,2026-07-19 06:15:49.510565+00,0.0.0-dev
blaziken::m-b::2026-07-19,blaziken,257,m-b,true,2026-07-19,PokéBase,https://pokebase.app/pokemon-champions/pokemon/blaziken,69c72df4f556071a643f89aa:6a32340ff2658b4c0c2451c5,2026-07-19 06:15:49.510565+00,0.0.0-dev
blaziken-mega::m-b::2026-07-19,blaziken-mega,257,m-b,true,2026-07-19,PokéBase,https://pokebase.app/pokemon-champions/pokemon/blaziken-mega,69ccbd8cf4bc7a1a754af8ef:6a32340ff2658b4c0c2451c5,2026-07-19 06:15:49.510565+00,0.0.0-dev
swampert-mega::m-b::2026-07-19,swampert-mega,260,m-b,true,2026-07-19,PokéBase,https://pokebase.app/pokemon-champions/pokemon/swampert-mega,69ccbd8cf4bc7a1a754af903:6a32340ff2658b4c0c2451c5,2026-07-19 06:15:49.510565+00,0.0.0-dev
swampert::m-b::2026-07-19,swampert,260,m-b,true,2026-07-19,PokéBase,https://pokebase.app/pokemon-champions/pokemon/swampert,69c72df6f556071a643f89dc:6a32340ff2658b4c0c2451c5,2026-07-19 06:15:49.510565+00,0.0.0-dev
pelipper::m-a::2026-07-19,pelipper,279,m-a,true,2026-07-19,PokéBase,https://pokebase.app/pokemon-champions/pokemon/pelipper,69c72e04f556071a643f8b1d:69cb1857fda33e50a24b293e,2026-07-19 06:15:49.510565+00,0.0.0-dev
gardevoir::m-a::2026-07-19,gardevoir,282,m-a,true,2026-07-19,PokéBase,https://pokebase.app/pokemon-champions/pokemon/gardevoir,69c72e06f556071a643f8b43:69cb1857fda33e50a24b293e,2026-07-19 06:15:49.510565+00,0.0.0-dev
gardevoir-mega::m-a::2026-07-19,gardevoir-mega,282,m-a,true,2026-07-19,PokéBase,https://pokebase.app/pokemon-champions/pokemon/gardevoir-mega,69ccbd91f4bc7a1a754af990:69cb1857fda33e50a24b293e,2026-07-19 06:15:49.510565+00,0.0.0-dev
sableye-mega::m-a::2026-07-19,sableye-mega,302,m-a,true,2026-07-19,PokéBase,https://pokebase.app/pokemon-champions/pokemon/sableye-mega,69ccbd93f4bc7a1a754af9d0:69cb1857fda33e50a24b293e,2026-07-19 06:15:49.510565+00,0.0.0-dev
sableye::m-a::2026-07-19,sableye,302,m-a,true,2026-07-19,PokéBase,https://pokebase.app/pokemon-champions/pokemon/sableye,69c72e15f556071a643f8c9a:69cb1857fda33e50a24b293e,2026-07-19 06:15:49.510565+00,0.0.0-dev
mawile::m-b::2026-07-19,mawile,303,m-b,true,2026-07-19,PokéBase,https://pokebase.app/pokemon-champions/pokemon/mawile,69c72e15f556071a643f8ca8:6a32340ff2658b4c0c2451c5,2026-07-19 06:15:49.510565+00,0.0.0-dev
mawile-mega::m-b::2026-07-19,mawile-mega,303,m-b,true,2026-07-19,PokéBase,https://pokebase.app/pokemon-champions/pokemon/mawile-mega,69ccbd93f4bc7a1a754af9cd:6a32340ff2658b4c0c2451c5,2026-07-19 06:15:49.510565+00,0.0.0-dev
aggron::m-a::2026-07-19,aggron,306,m-a,true,2026-07-19,PokéBase,https://pokebase.app/pokemon-champions/pokemon/aggron,69c72e17f556071a643f8ce3:69cb1857fda33e50a24b293e,2026-07-19 06:15:49.510565+00,0.0.0-dev
aggron-mega::m-a::2026-07-19,aggron-mega,306,m-a,true,2026-07-19,PokéBase,https://pokebase.app/pokemon-champions/pokemon/aggron-mega,69ccbd93f4bc7a1a754af9db:69cb1857fda33e50a24b293e,2026-07-19 06:15:49.510565+00,0.0.0-dev
medicham::m-a::2026-07-19,medicham,308,m-a,true,2026-07-19,PokéBase,https://pokebase.app/pokemon-champions/pokemon/medicham,69c72e18f556071a643f8cf4:69cb1857fda33e50a24b293e,2026-07-19 06:15:49.510565+00,0.0.0-dev
medicham-mega::m-a::2026-07-19,medicham-mega,308,m-a,true,2026-07-19,PokéBase,https://pokebase.app/pokemon-champions/pokemon/medicham-mega,69ccbd94f4bc7a1a754af9ee:69cb1857fda33e50a24b293e,2026-07-19 06:15:49.510565+00,0.0.0-dev
manectric::m-a::2026-07-19,manectric,310,m-a,true,2026-07-19,PokéBase,https://pokebase.app/pokemon-champions/pokemon/manectric,69c72e1af556071a643f8d27:69cb1857fda33e50a24b293e,2026-07-19 06:15:49.510565+00,0.0.0-dev
manectric-mega::m-a::2026-07-19,manectric-mega,310,m-a,true,2026-07-19,PokéBase,https://pokebase.app/pokemon-champions/pokemon/manectric-mega,69ccbd96f4bc7a1a754afa36:69cb1857fda33e50a24b293e,2026-07-19 06:15:49.510565+00,0.0.0-dev
sharpedo-mega::m-a::2026-07-19,sharpedo-mega,319,m-a,true,2026-07-19,PokéBase,https://pokebase.app/pokemon-champions/pokemon/sharpedo-mega,69ccbd97f4bc7a1a754afa4f:69cb1857fda33e50a24b293e,2026-07-19 06:15:49.510565+00,0.0.0-dev
sharpedo::m-a::2026-07-19,sharpedo,319,m-a,true,2026-07-19,PokéBase,https://pokebase.app/pokemon-champions/pokemon/sharpedo,69c72e20f556071a643f8dbc:69cb1857fda33e50a24b293e,2026-07-19 06:15:49.510565+00,0.0.0-dev
camerupt::m-a::2026-07-19,camerupt,323,m-a,true,2026-07-19,PokéBase,https://pokebase.app/pokemon-champions/pokemon/camerupt,69c72e23f556071a643f8e03:69cb1857fda33e50a24b293e,2026-07-19 06:15:49.510565+00,0.0.0-dev
camerupt-mega::m-a::2026-07-19,camerupt-mega,323,m-a,true,2026-07-19,PokéBase,https://pokebase.app/pokemon-champions/pokemon/camerupt-mega,69ccbd98f4bc7a1a754afa62:69cb1857fda33e50a24b293e,2026-07-19 06:15:49.510565+00,0.0.0-dev
torkoal::m-a::2026-07-19,torkoal,324,m-a,true,2026-07-19,PokéBase,https://pokebase.app/pokemon-champions/pokemon/torkoal,69c72e23f556071a643f8e05:69cb1857fda33e50a24b293e,2026-07-19 06:15:49.510565+00,0.0.0-dev
altaria::m-a::2026-07-19,altaria,334,m-a,true,2026-07-19,PokéBase,https://pokebase.app/pokemon-champions/pokemon/altaria,69c72e2bf556071a643f8ebb:69cb1857fda33e50a24b293e,2026-07-19 06:15:49.510565+00,0.0.0-dev
altaria-mega::m-a::2026-07-19,altaria-mega,334,m-a,true,2026-07-19,PokéBase,https://pokebase.app/pokemon-champions/pokemon/altaria-mega,69ccbd9af4bc7a1a754afa9a:69cb1857fda33e50a24b293e,2026-07-19 06:15:49.510565+00,0.0.0-dev
milotic::m-a::2026-07-19,milotic,350,m-a,true,2026-07-19,PokéBase,https://pokebase.app/pokemon-champions/pokemon/milotic,69c72e36f556071a643f8fc0:69cb1857fda33e50a24b293e,2026-07-19 06:15:49.510565+00,0.0.0-dev
castform::m-a::2026-07-19,castform,351,m-a,true,2026-07-19,PokéBase,https://pokebase.app/pokemon-champions/pokemon/castform,69c72e37f556071a643f8fcd:69cb1857fda33e50a24b293e,2026-07-19 06:15:49.510565+00,0.0.0-dev
banette::m-a::2026-07-19,banette,354,m-a,true,2026-07-19,PokéBase,https://pokebase.app/pokemon-champions/pokemon/banette,69c72e39f556071a643f9007:69cb1857fda33e50a24b293e,2026-07-19 06:15:49.510565+00,0.0.0-dev
banette-mega::m-a::2026-07-19,banette-mega,354,m-a,true,2026-07-19,PokéBase,https://pokebase.app/pokemon-champions/pokemon/banette-mega,69ccbd9cf4bc7a1a754afae0:69cb1857fda33e50a24b293e,2026-07-19 06:15:49.510565+00,0.0.0-dev
chimecho::m-a::2026-07-19,chimecho,358,m-a,true,2026-07-19,PokéBase,https://pokebase.app/pokemon-champions/pokemon/chimecho,69c72e3cf556071a643f9046:69cb1857fda33e50a24b293e,2026-07-19 06:15:49.510565+00,0.0.0-dev
chimecho-mega::m-a::2026-07-19,chimecho-mega,358,m-a,true,2026-07-19,PokéBase,https://pokebase.app/pokemon-champions/pokemon/chimecho-mega,69ccbd9df4bc7a1a754afaf2:69cb1857fda33e50a24b293e,2026-07-19 06:15:49.510565+00,0.0.0-dev
absol::m-a::2026-07-19,absol,359,m-a,true,2026-07-19,PokéBase,https://pokebase.app/pokemon-champions/pokemon/absol,69c72e3cf556071a643f9048:69cb1857fda33e50a24b293e,2026-07-19 06:15:49.510565+00,0.0.0-dev
absol-mega::m-a::2026-07-19,absol-mega,359,m-a,true,2026-07-19,PokéBase,https://pokebase.app/pokemon-champions/pokemon/absol-mega,69ccbd9df4bc7a1a754afaef:69cb1857fda33e50a24b293e,2026-07-19 06:15:49.510565+00,0.0.0-dev
glalie::m-a::2026-07-19,glalie,362,m-a,true,2026-07-19,PokéBase,https://pokebase.app/pokemon-champions/pokemon/glalie,69c72e3ff556071a643f9084:69cb1857fda33e50a24b293e,2026-07-19 06:15:49.510565+00,0.0.0-dev
glalie-mega::m-a::2026-07-19,glalie-mega,362,m-a,true,2026-07-19,PokéBase,https://pokebase.app/pokemon-champions/pokemon/glalie-mega,69ccbda0f4bc7a1a754afb40:69cb1857fda33e50a24b293e,2026-07-19 06:15:49.510565+00,0.0.0-dev
metagross-mega::m-b::2026-07-19,metagross-mega,376,m-b,true,2026-07-19,PokéBase,https://pokebase.app/pokemon-champions/pokemon/metagross-mega,69ccbda2f4bc7a1a754afb88:6a32340ff2658b4c0c2451c5,2026-07-19 06:15:49.510565+00,0.0.0-dev
metagross::m-b::2026-07-19,metagross,376,m-b,true,2026-07-19,PokéBase,https://pokebase.app/pokemon-champions/pokemon/metagross,69c72e49f556071a643f9168:6a32340ff2658b4c0c2451c5,2026-07-19 06:15:49.510565+00,0.0.0-dev
torterra::m-a::2026-07-19,torterra,389,m-a,true,2026-07-19,PokéBase,https://pokebase.app/pokemon-champions/pokemon/torterra,69c72e53f556071a643f9254:69cb1857fda33e50a24b293e,2026-07-19 06:15:49.510565+00,0.0.0-dev
infernape::m-a::2026-07-19,infernape,392,m-a,true,2026-07-19,PokéBase,https://pokebase.app/pokemon-champions/pokemon/infernape,69c72e55f556071a643f927e:69cb1857fda33e50a24b293e,2026-07-19 06:15:49.510565+00,0.0.0-dev
empoleon::m-a::2026-07-19,empoleon,395,m-a,true,2026-07-19,PokéBase,https://pokebase.app/pokemon-champions/pokemon/empoleon,69c72e56f556071a643f9296:69cb1857fda33e50a24b293e,2026-07-19 06:15:49.510565+00,0.0.0-dev
staraptor-mega::m-b::2026-07-19,staraptor-mega,398,m-b,true,2026-07-19,PokéBase,https://pokebase.app/pokemon-champions/pokemon/staraptor-mega,69ccbda9f4bc7a1a754afc46:6a32340ff2658b4c0c2451c5,2026-07-19 06:15:49.510565+00,0.0.0-dev
staraptor::m-b::2026-07-19,staraptor,398,m-b,true,2026-07-19,PokéBase,https://pokebase.app/pokemon-champions/pokemon/staraptor,69c72e58f556071a643f92bb:6a32340ff2658b4c0c2451c5,2026-07-19 06:15:49.510565+00,0.0.0-dev
luxray::m-a::2026-07-19,luxray,405,m-a,true,2026-07-19,PokéBase,https://pokebase.app/pokemon-champions/pokemon/luxray,69c72e5cf556071a643f9336:69cb1857fda33e50a24b293e,2026-07-19 06:15:49.510565+00,0.0.0-dev
roserade::m-a::2026-07-19,roserade,407,m-a,true,2026-07-19,PokéBase,https://pokebase.app/pokemon-champions/pokemon/roserade,69c72e5ef556071a643f9358:69cb1857fda33e50a24b293e,2026-07-19 06:15:49.510565+00,0.0.0-dev
rampardos::m-a::2026-07-19,rampardos,409,m-a,true,2026-07-19,PokéBase,https://pokebase.app/pokemon-champions/pokemon/rampardos,69c72e5ff556071a643f9372:69cb1857fda33e50a24b293e,2026-07-19 06:15:49.510565+00,0.0.0-dev
bastiodon::m-a::2026-07-19,bastiodon,411,m-a,true,2026-07-19,PokéBase,https://pokebase.app/pokemon-champions/pokemon/bastiodon,69c72e61f556071a643f9397:69cb1857fda33e50a24b293e,2026-07-19 06:15:49.510565+00,0.0.0-dev
lopunny::m-a::2026-07-19,lopunny,428,m-a,true,2026-07-19,PokéBase,https://pokebase.app/pokemon-champions/pokemon/lopunny,69c72e6ef556071a643f94ce:69cb1857fda33e50a24b293e,2026-07-19 06:15:49.510565+00,0.0.0-dev
lopunny-mega::m-a::2026-07-19,lopunny-mega,428,m-a,true,2026-07-19,PokéBase,https://pokebase.app/pokemon-champions/pokemon/lopunny-mega,69ccbdadf4bc7a1a754afcca:69cb1857fda33e50a24b293e,2026-07-19 06:15:49.510565+00,0.0.0-dev
spiritomb::m-a::2026-07-19,spiritomb,442,m-a,true,2026-07-19,PokéBase,https://pokebase.app/pokemon-champions/pokemon/spiritomb,69c72e76f556071a643f9594:69cb1857fda33e50a24b293e,2026-07-19 06:15:49.510565+00,0.0.0-dev
garchomp::m-a::2026-07-19,garchomp,445,m-a,true,2026-07-19,PokéBase,https://pokebase.app/pokemon-champions/pokemon/garchomp,69c72e79f556071a643f95db:69cb1857fda33e50a24b293e,2026-07-19 06:15:49.510565+00,0.0.0-dev
garchomp-mega::m-a::2026-07-19,garchomp-mega,445,m-a,true,2026-07-19,PokéBase,https://pokebase.app/pokemon-champions/pokemon/garchomp-mega,69ccbdaff4bc7a1a754afd1c:69cb1857fda33e50a24b293e,2026-07-19 06:15:49.510565+00,0.0.0-dev
lucario::m-a::2026-07-19,lucario,448,m-a,true,2026-07-19,PokéBase,https://pokebase.app/pokemon-champions/pokemon/lucario,69c72e7bf556071a643f9607:69cb1857fda33e50a24b293e,2026-07-19 06:15:49.510565+00,0.0.0-dev
lucario-mega::m-a::2026-07-19,lucario-mega,448,m-a,true,2026-07-19,PokéBase,https://pokebase.app/pokemon-champions/pokemon/lucario-mega,69ccbdb0f4bc7a1a754afd29:69cb1857fda33e50a24b293e,2026-07-19 06:15:49.510565+00,0.0.0-dev
hippowdon::m-a::2026-07-19,hippowdon,450,m-a,true,2026-07-19,PokéBase,https://pokebase.app/pokemon-champions/pokemon/hippowdon,69c72e7cf556071a643f9616:69cb1857fda33e50a24b293e,2026-07-19 06:15:49.510565+00,0.0.0-dev
toxicroak::m-a::2026-07-19,toxicroak,454,m-a,true,2026-07-19,PokéBase,https://pokebase.app/pokemon-champions/pokemon/toxicroak,69c72e7ff556071a643f965f:69cb1857fda33e50a24b293e,2026-07-19 06:15:49.510565+00,0.0.0-dev
abomasnow::m-a::2026-07-19,abomasnow,460,m-a,true,2026-07-19,PokéBase,https://pokebase.app/pokemon-champions/pokemon/abomasnow,69c72e84f556071a643f96d2:69cb1857fda33e50a24b293e,2026-07-19 06:15:49.510565+00,0.0.0-dev
abomasnow-mega::m-a::2026-07-19,abomasnow-mega,460,m-a,true,2026-07-19,PokéBase,https://pokebase.app/pokemon-champions/pokemon/abomasnow-mega,69ccbdb3f4bc7a1a754afd86:69cb1857fda33e50a24b293e,2026-07-19 06:15:49.510565+00,0.0.0-dev
weavile::m-a::2026-07-19,weavile,461,m-a,true,2026-07-19,PokéBase,https://pokebase.app/pokemon-champions/pokemon/weavile,69c72e84f556071a643f96da:69cb1857fda33e50a24b293e,2026-07-19 06:15:49.510565+00,0.0.0-dev
rhyperior::m-a::2026-07-19,rhyperior,464,m-a,true,2026-07-19,PokéBase,https://pokebase.app/pokemon-champions/pokemon/rhyperior,69c72e87f556071a643f9708:69cb1857fda33e50a24b293e,2026-07-19 06:15:49.510565+00,0.0.0-dev
leafeon::m-a::2026-07-19,leafeon,470,m-a,true,2026-07-19,PokéBase,https://pokebase.app/pokemon-champions/pokemon/leafeon,69c72e8af556071a643f974f:69cb1857fda33e50a24b293e,2026-07-19 06:15:49.510565+00,0.0.0-dev
glaceon::m-a::2026-07-19,glaceon,471,m-a,true,2026-07-19,PokéBase,https://pokebase.app/pokemon-champions/pokemon/glaceon,69c72e8cf556071a643f976c:69cb1857fda33e50a24b293e,2026-07-19 06:15:49.510565+00,0.0.0-dev
gliscor::m-a::2026-07-19,gliscor,472,m-a,true,2026-07-19,PokéBase,https://pokebase.app/pokemon-champions/pokemon/gliscor,69c72e8cf556071a643f9779:69cb1857fda33e50a24b293e,2026-07-19 06:15:49.510565+00,0.0.0-dev
mamoswine::m-a::2026-07-19,mamoswine,473,m-a,true,2026-07-19,PokéBase,https://pokebase.app/pokemon-champions/pokemon/mamoswine,69c72e8df556071a643f9792:69cb1857fda33e50a24b293e,2026-07-19 06:15:49.510565+00,0.0.0-dev
gallade::m-a::2026-07-19,gallade,475,m-a,true,2026-07-19,PokéBase,https://pokebase.app/pokemon-champions/pokemon/gallade,69c72e8ff556071a643f97c3:69cb1857fda33e50a24b293e,2026-07-19 06:15:49.510565+00,0.0.0-dev
gallade-mega::m-a::2026-07-19,gallade-mega,475,m-a,true,2026-07-19,PokéBase,https://pokebase.app/pokemon-champions/pokemon/gallade-mega,69ccbdb5f4bc7a1a754afdb9:69cb1857fda33e50a24b293e,2026-07-19 06:15:49.510565+00,0.0.0-dev
froslass::m-a::2026-07-19,froslass,478,m-a,true,2026-07-19,PokéBase,https://pokebase.app/pokemon-champions/pokemon/froslass,69c72e91f556071a643f97ec:69cb1857fda33e50a24b293e,2026-07-19 06:15:49.510565+00,0.0.0-dev
froslass-mega::m-a::2026-07-19,froslass-mega,478,m-a,true,2026-07-19,PokéBase,https://pokebase.app/pokemon-champions/pokemon/froslass-mega,69ccbdb5f4bc7a1a754afdbc:69cb1857fda33e50a24b293e,2026-07-19 06:15:49.510565+00,0.0.0-dev
rotom-fan::m-a::2026-07-19,rotom-fan,479,m-a,true,2026-07-19,PokéBase,https://pokebase.app/pokemon-champions/pokemon/rotom-fan,69ccbdbdf4bc7a1a754afe95:69cb1857fda33e50a24b293e,2026-07-19 06:15:49.510565+00,0.0.0-dev
rotom-frost::m-a::2026-07-19,rotom-frost,479,m-a,true,2026-07-19,PokéBase,https://pokebase.app/pokemon-champions/pokemon/rotom-frost,69ccbdbaf4bc7a1a754afe52:69cb1857fda33e50a24b293e,2026-07-19 06:15:49.510565+00,0.0.0-dev
rotom-heat::m-a::2026-07-19,rotom-heat,479,m-a,true,2026-07-19,PokéBase,https://pokebase.app/pokemon-champions/pokemon/rotom-heat,69ccbdb5f4bc7a1a754afdc6:69cb1857fda33e50a24b293e,2026-07-19 06:15:49.510565+00,0.0.0-dev
rotom-mow::m-a::2026-07-19,rotom-mow,479,m-a,true,2026-07-19,PokéBase,https://pokebase.app/pokemon-champions/pokemon/rotom-mow,69ccbdc0f4bc7a1a754afee7:69cb1857fda33e50a24b293e,2026-07-19 06:15:49.510565+00,0.0.0-dev
rotom::m-a::2026-07-19,rotom,479,m-a,true,2026-07-19,PokéBase,https://pokebase.app/pokemon-champions/pokemon/rotom,69c72e92f556071a643f97ff:69cb1857fda33e50a24b293e,2026-07-19 06:15:49.510565+00,0.0.0-dev
rotom-wash::m-a::2026-07-19,rotom-wash,479,m-a,true,2026-07-19,PokéBase,https://pokebase.app/pokemon-champions/pokemon/rotom-wash,69ccbdb8f4bc7a1a754afe0c:69cb1857fda33e50a24b293e,2026-07-19 06:15:49.510565+00,0.0.0-dev
serperior::m-a::2026-07-19,serperior,497,m-a,true,2026-07-19,PokéBase,https://pokebase.app/pokemon-champions/pokemon/serperior,69c72ea0f556071a643f993e:69cb1857fda33e50a24b293e,2026-07-19 06:15:49.510565+00,0.0.0-dev
emboar::m-a::2026-07-19,emboar,500,m-a,true,2026-07-19,PokéBase,https://pokebase.app/pokemon-champions/pokemon/emboar,69c72ea2f556071a643f9973:69cb1857fda33e50a24b293e,2026-07-19 06:15:49.510565+00,0.0.0-dev
emboar-mega::m-a::2026-07-19,emboar-mega,500,m-a,true,2026-07-19,PokéBase,https://pokebase.app/pokemon-champions/pokemon/emboar-mega,69ccbdc0f4bc7a1a754afee1:69cb1857fda33e50a24b293e,2026-07-19 06:15:49.510565+00,0.0.0-dev
samurott-hisui::m-a::2026-07-19,samurott-hisui,503,m-a,true,2026-07-19,PokéBase,https://pokebase.app/pokemon-champions/pokemon/samurott-hisui,69ccbdc1f4bc7a1a754afef8:69cb1857fda33e50a24b293e,2026-07-19 06:15:49.510565+00,0.0.0-dev
samurott::m-a::2026-07-19,samurott,503,m-a,true,2026-07-19,PokéBase,https://pokebase.app/pokemon-champions/pokemon/samurott,69c72ea4f556071a643f99a0:69cb1857fda33e50a24b293e,2026-07-19 06:15:49.510565+00,0.0.0-dev
watchog::m-a::2026-07-19,watchog,505,m-a,true,2026-07-19,PokéBase,https://pokebase.app/pokemon-champions/pokemon/watchog,69c72ea6f556071a643f99be:69cb1857fda33e50a24b293e,2026-07-19 06:15:49.510565+00,0.0.0-dev
liepard::m-a::2026-07-19,liepard,510,m-a,true,2026-07-19,PokéBase,https://pokebase.app/pokemon-champions/pokemon/liepard,69c72ea9f556071a643f9a0b:69cb1857fda33e50a24b293e,2026-07-19 06:15:49.510565+00,0.0.0-dev
simisage::m-a::2026-07-19,simisage,512,m-a,true,2026-07-19,PokéBase,https://pokebase.app/pokemon-champions/pokemon/simisage,69c72eabf556071a643f9a39:69cb1857fda33e50a24b293e,2026-07-19 06:15:49.510565+00,0.0.0-dev
simisear::m-a::2026-07-19,simisear,514,m-a,true,2026-07-19,PokéBase,https://pokebase.app/pokemon-champions/pokemon/simisear,69c72eacf556071a643f9a48:69cb1857fda33e50a24b293e,2026-07-19 06:15:49.510565+00,0.0.0-dev
simipour::m-a::2026-07-19,simipour,516,m-a,true,2026-07-19,PokéBase,https://pokebase.app/pokemon-champions/pokemon/simipour,69c72eaef556071a643f9a75:69cb1857fda33e50a24b293e,2026-07-19 06:15:49.510565+00,0.0.0-dev
musharna::m-b::2026-07-19,musharna,518,m-b,true,2026-07-19,PokéBase,https://pokebase.app/pokemon-champions/pokemon/musharna,69c72eaef556071a643f9a80:6a32340ff2658b4c0c2451c5,2026-07-19 06:15:49.510565+00,0.0.0-dev
excadrill::m-a::2026-07-19,excadrill,530,m-a,true,2026-07-19,PokéBase,https://pokebase.app/pokemon-champions/pokemon/excadrill,69c72eb7f556071a643f9b44:69cb1857fda33e50a24b293e,2026-07-19 06:15:49.510565+00,0.0.0-dev
excadrill-mega::m-a::2026-07-19,excadrill-mega,530,m-a,true,2026-07-19,PokéBase,https://pokebase.app/pokemon-champions/pokemon/excadrill-mega,69ccbdc4f4bc7a1a754aff53:69cb1857fda33e50a24b293e,2026-07-19 06:15:49.510565+00,0.0.0-dev
audino::m-a::2026-07-19,audino,531,m-a,true,2026-07-19,PokéBase,https://pokebase.app/pokemon-champions/pokemon/audino,69c72eb9f556071a643f9b74:69cb1857fda33e50a24b293e,2026-07-19 06:15:49.510565+00,0.0.0-dev
audino-mega::m-a::2026-07-19,audino-mega,531,m-a,true,2026-07-19,PokéBase,https://pokebase.app/pokemon-champions/pokemon/audino-mega,69ccbdc5f4bc7a1a754aff65:69cb1857fda33e50a24b293e,2026-07-19 06:15:49.510565+00,0.0.0-dev
conkeldurr::m-a::2026-07-19,conkeldurr,534,m-a,true,2026-07-19,PokéBase,https://pokebase.app/pokemon-champions/pokemon/conkeldurr,69c72eb9f556071a643f9b81:69cb1857fda33e50a24b293e,2026-07-19 06:15:49.510565+00,0.0.0-dev
scolipede-mega::m-b::2026-07-19,scolipede-mega,545,m-b,true,2026-07-19,PokéBase,https://pokebase.app/pokemon-champions/pokemon/scolipede-mega,69ccbdc6f4bc7a1a754aff82:6a32340ff2658b4c0c2451c5,2026-07-19 06:15:49.510565+00,0.0.0-dev
scolipede::m-b::2026-07-19,scolipede,545,m-b,true,2026-07-19,PokéBase,https://pokebase.app/pokemon-champions/pokemon/scolipede,69c72ec2f556071a643f9c39:6a32340ff2658b4c0c2451c5,2026-07-19 06:15:49.510565+00,0.0.0-dev
whimsicott::m-a::2026-07-19,whimsicott,547,m-a,true,2026-07-19,PokéBase,https://pokebase.app/pokemon-champions/pokemon/whimsicott,69c72ec4f556071a643f9c72:69cb1857fda33e50a24b293e,2026-07-19 06:15:49.510565+00,0.0.0-dev
krookodile::m-a::2026-07-19,krookodile,553,m-a,true,2026-07-19,PokéBase,https://pokebase.app/pokemon-champions/pokemon/krookodile,69c72ec7f556071a643f9cbd:69cb1857fda33e50a24b293e,2026-07-19 06:15:49.510565+00,0.0.0-dev
scrafty-mega::m-b::2026-07-19,scrafty-mega,560,m-b,true,2026-07-19,PokéBase,https://pokebase.app/pokemon-champions/pokemon/scrafty-mega,69ccbdcbf4bc7a1a754affff:6a32340ff2658b4c0c2451c5,2026-07-19 06:15:49.510565+00,0.0.0-dev
scrafty::m-b::2026-07-19,scrafty,560,m-b,true,2026-07-19,PokéBase,https://pokebase.app/pokemon-champions/pokemon/scrafty,69c72ecdf556071a643f9d30:6a32340ff2658b4c0c2451c5,2026-07-19 06:15:49.510565+00,0.0.0-dev
cofagrigus::m-a::2026-07-19,cofagrigus,563,m-a,true,2026-07-19,PokéBase,https://pokebase.app/pokemon-champions/pokemon/cofagrigus,69c72ed0f556071a643f9d73:69cb1857fda33e50a24b293e,2026-07-19 06:15:49.510565+00,0.0.0-dev
garbodor::m-a::2026-07-19,garbodor,569,m-a,true,2026-07-19,PokéBase,https://pokebase.app/pokemon-champions/pokemon/garbodor,69c72ed3f556071a643f9dc6:69cb1857fda33e50a24b293e,2026-07-19 06:15:49.510565+00,0.0.0-dev
zoroark-hisui::m-a::2026-07-19,zoroark-hisui,571,m-a,true,2026-07-19,PokéBase,https://pokebase.app/pokemon-champions/pokemon/zoroark-hisui,69ccbdd0f4bc7a1a754b0079:69cb1857fda33e50a24b293e,2026-07-19 06:15:49.510565+00,0.0.0-dev
zoroark::m-a::2026-07-19,zoroark,571,m-a,true,2026-07-19,PokéBase,https://pokebase.app/pokemon-champions/pokemon/zoroark,69c72ed6f556071a643f9dfc:69cb1857fda33e50a24b293e,2026-07-19 06:15:49.510565+00,0.0.0-dev
reuniclus::m-a::2026-07-19,reuniclus,579,m-a,true,2026-07-19,PokéBase,https://pokebase.app/pokemon-champions/pokemon/reuniclus,69c72edbf556071a643f9e74:69cb1857fda33e50a24b293e,2026-07-19 06:15:49.510565+00,0.0.0-dev
vanilluxe::m-a::2026-07-19,vanilluxe,584,m-a,true,2026-07-19,PokéBase,https://pokebase.app/pokemon-champions/pokemon/vanilluxe,69c72eddf556071a643f9ec5:69cb1857fda33e50a24b293e,2026-07-19 06:15:49.510565+00,0.0.0-dev
emolga::m-a::2026-07-19,emolga,587,m-a,true,2026-07-19,PokéBase,https://pokebase.app/pokemon-champions/pokemon/emolga,69c72edff556071a643f9eef:69cb1857fda33e50a24b293e,2026-07-19 06:15:49.510565+00,0.0.0-dev
eelektross::m-b::2026-07-19,eelektross,604,m-b,true,2026-07-19,PokéBase,https://pokebase.app/pokemon-champions/pokemon/eelektross,69c72eebf556071a643fa008:6a32340ff2658b4c0c2451c5,2026-07-19 06:15:49.510565+00,0.0.0-dev
eelektross-mega::m-b::2026-07-19,eelektross-mega,604,m-b,true,2026-07-19,PokéBase,https://pokebase.app/pokemon-champions/pokemon/eelektross-mega,69ccbdd6f4bc7a1a754b0126:6a32340ff2658b4c0c2451c5,2026-07-19 06:15:49.510565+00,0.0.0-dev
chandelure::m-a::2026-07-19,chandelure,609,m-a,true,2026-07-19,PokéBase,https://pokebase.app/pokemon-champions/pokemon/chandelure,69c72eeff556071a643fa059:69cb1857fda33e50a24b293e,2026-07-19 06:15:49.510565+00,0.0.0-dev
chandelure-mega::m-a::2026-07-19,chandelure-mega,609,m-a,true,2026-07-19,PokéBase,https://pokebase.app/pokemon-champions/pokemon/chandelure-mega,69ccbdd6f4bc7a1a754b013c:69cb1857fda33e50a24b293e,2026-07-19 06:15:49.510565+00,0.0.0-dev
beartic::m-a::2026-07-19,beartic,614,m-a,true,2026-07-19,PokéBase,https://pokebase.app/pokemon-champions/pokemon/beartic,69c72ef2f556071a643fa09b:69cb1857fda33e50a24b293e,2026-07-19 06:15:49.510565+00,0.0.0-dev
stunfisk-galar::m-a::2026-07-19,stunfisk-galar,618,m-a,true,2026-07-19,PokéBase,https://pokebase.app/pokemon-champions/pokemon/stunfisk-galar,69ccbdd8f4bc7a1a754b0162:69cb1857fda33e50a24b293e,2026-07-19 06:15:49.510565+00,0.0.0-dev
stunfisk::m-a::2026-07-19,stunfisk,618,m-a,true,2026-07-19,PokéBase,https://pokebase.app/pokemon-champions/pokemon/stunfisk,69c72ef5f556071a643fa0e0:69cb1857fda33e50a24b293e,2026-07-19 06:15:49.510565+00,0.0.0-dev
golurk::m-a::2026-07-19,golurk,623,m-a,true,2026-07-19,PokéBase,https://pokebase.app/pokemon-champions/pokemon/golurk,69c72ef9f556071a643fa145:69cb1857fda33e50a24b293e,2026-07-19 06:15:49.510565+00,0.0.0-dev
golurk-mega::m-a::2026-07-19,golurk-mega,623,m-a,true,2026-07-19,PokéBase,https://pokebase.app/pokemon-champions/pokemon/golurk-mega,69ccbdd9f4bc7a1a754b017b:69cb1857fda33e50a24b293e,2026-07-19 06:15:49.510565+00,0.0.0-dev
hydreigon::m-a::2026-07-19,hydreigon,635,m-a,true,2026-07-19,PokéBase,https://pokebase.app/pokemon-champions/pokemon/hydreigon,69c72f02f556071a643fa20e:69cb1857fda33e50a24b293e,2026-07-19 06:15:49.510565+00,0.0.0-dev
volcarona::m-a::2026-07-19,volcarona,637,m-a,true,2026-07-19,PokéBase,https://pokebase.app/pokemon-champions/pokemon/volcarona,69c72f03f556071a643fa21d:69cb1857fda33e50a24b293e,2026-07-19 06:15:49.510565+00,0.0.0-dev
chesnaught::m-a::2026-07-19,chesnaught,652,m-a,true,2026-07-19,PokéBase,https://pokebase.app/pokemon-champions/pokemon/chesnaught,69c72f0ef556071a643fa334:69cb1857fda33e50a24b293e,2026-07-19 06:15:49.510565+00,0.0.0-dev
chesnaught-mega::m-a::2026-07-19,chesnaught-mega,652,m-a,true,2026-07-19,PokéBase,https://pokebase.app/pokemon-champions/pokemon/chesnaught-mega,69ccbde4f4bc7a1a754b0292:69cb1857fda33e50a24b293e,2026-07-19 06:15:49.510565+00,0.0.0-dev
delphox::m-a::2026-07-19,delphox,655,m-a,true,2026-07-19,PokéBase,https://pokebase.app/pokemon-champions/pokemon/delphox,69c72f11f556071a643fa36f:69cb1857fda33e50a24b293e,2026-07-19 06:15:49.510565+00,0.0.0-dev
delphox-mega::m-a::2026-07-19,delphox-mega,655,m-a,true,2026-07-19,PokéBase,https://pokebase.app/pokemon-champions/pokemon/delphox-mega,69ccbde5f4bc7a1a754b02a6:69cb1857fda33e50a24b293e,2026-07-19 06:15:49.510565+00,0.0.0-dev
greninja::m-a::2026-07-19,greninja,658,m-a,true,2026-07-19,PokéBase,https://pokebase.app/pokemon-champions/pokemon/greninja,69c72f12f556071a643fa383:69cb1857fda33e50a24b293e,2026-07-19 06:15:49.510565+00,0.0.0-dev
greninja-mega::m-a::2026-07-19,greninja-mega,658,m-a,true,2026-07-19,PokéBase,https://pokebase.app/pokemon-champions/pokemon/greninja-mega,69ccbdedf4bc7a1a754b0376:69cb1857fda33e50a24b293e,2026-07-19 06:15:49.510565+00,0.0.0-dev
diggersby::m-a::2026-07-19,diggersby,660,m-a,true,2026-07-19,PokéBase,https://pokebase.app/pokemon-champions/pokemon/diggersby,69c72f14f556071a643fa3b4:69cb1857fda33e50a24b293e,2026-07-19 06:15:49.510565+00,0.0.0-dev
talonflame::m-a::2026-07-19,talonflame,663,m-a,true,2026-07-19,PokéBase,https://pokebase.app/pokemon-champions/pokemon/talonflame,69c72f17f556071a643fa3f4:69cb1857fda33e50a24b293e,2026-07-19 06:15:49.510565+00,0.0.0-dev
vivillon::m-a::2026-07-19,vivillon,666,m-a,true,2026-07-19,PokéBase,https://pokebase.app/pokemon-champions/pokemon/vivillon,69c72f18f556071a643fa410:69cb1857fda33e50a24b293e,2026-07-19 06:15:49.510565+00,0.0.0-dev
pyroar-mega::m-b::2026-07-19,pyroar-mega,668,m-b,true,2026-07-19,PokéBase,https://pokebase.app/pokemon-champions/pokemon/pyroar-mega,69ccbdebf4bc7a1a754b0347:6a32340ff2658b4c0c2451c5,2026-07-19 06:15:49.510565+00,0.0.0-dev
pyroar-male::m-b::2026-07-19,pyroar-male,668,m-b,true,2026-07-19,PokéBase,https://pokebase.app/pokemon-champions/pokemon/pyroar,69c72f19f556071a643fa43c:6a32340ff2658b4c0c2451c5,2026-07-19 06:15:49.510565+00,0.0.0-dev
floette::m-a::2026-07-19,floette,670,m-a,true,2026-07-19,PokéBase,https://pokebase.app/pokemon-champions/pokemon/floette,69c72f1af556071a643fa451:69cb1857fda33e50a24b293e,2026-07-19 06:15:49.510565+00,0.0.0-dev
floette-mega::m-a::2026-07-19,floette-mega,670,m-a,true,2026-07-19,PokéBase,https://pokebase.app/pokemon-champions/pokemon/floette-mega,69ccbdecf4bc7a1a754b035e:69cb1857fda33e50a24b293e,2026-07-19 06:15:49.510565+00,0.0.0-dev
florges::m-a::2026-07-19,florges,671,m-a,true,2026-07-19,PokéBase,https://pokebase.app/pokemon-champions/pokemon/florges,69c72f1cf556071a643fa47b:69cb1857fda33e50a24b293e,2026-07-19 06:15:49.510565+00,0.0.0-dev
pangoro::m-a::2026-07-19,pangoro,675,m-a,true,2026-07-19,PokéBase,https://pokebase.app/pokemon-champions/pokemon/pangoro,69c72f1ef556071a643fa4bf:69cb1857fda33e50a24b293e,2026-07-19 06:15:49.510565+00,0.0.0-dev
furfrou::m-a::2026-07-19,furfrou,676,m-a,true,2026-07-19,PokéBase,https://pokebase.app/pokemon-champions/pokemon/furfrou,69c72f1ff556071a643fa4c4:69cb1857fda33e50a24b293e,2026-07-19 06:15:49.510565+00,0.0.0-dev
meowstic-male::m-a::2026-07-19,meowstic-male,678,m-a,true,2026-07-19,PokéBase,https://pokebase.app/pokemon-champions/pokemon/meowstic,69c72f1ff556071a643fa4d4:69cb1857fda33e50a24b293e,2026-07-19 06:15:49.510565+00,0.0.0-dev
meowstic-female::m-a::2026-07-19,meowstic-female,678,m-a,true,2026-07-19,PokéBase,https://pokebase.app/pokemon-champions/pokemon/meowstic-female,69ccbdeef4bc7a1a754b0388:69cb1857fda33e50a24b293e,2026-07-19 06:15:49.510565+00,0.0.0-dev
aegislash-blade::m-a::2026-07-19,aegislash-blade,681,m-a,true,2026-07-19,PokéBase,https://pokebase.app/pokemon-champions/pokemon/aegislash-blade,69ccbdf0f4bc7a1a754b03d5:69cb1857fda33e50a24b293e,2026-07-19 06:15:49.510565+00,0.0.0-dev
aegislash-shield::m-a::2026-07-19,aegislash-shield,681,m-a,true,2026-07-19,PokéBase,https://pokebase.app/pokemon-champions/pokemon/aegislash-shield,69ccee6b2a291bea7960befe:69cb1857fda33e50a24b293e,2026-07-19 06:15:49.510565+00,0.0.0-dev
aromatisse::m-a::2026-07-19,aromatisse,683,m-a,true,2026-07-19,PokéBase,https://pokebase.app/pokemon-champions/pokemon/aromatisse,69c72f24f556071a643fa53d:69cb1857fda33e50a24b293e,2026-07-19 06:15:49.510565+00,0.0.0-dev
slurpuff::m-a::2026-07-19,slurpuff,685,m-a,true,2026-07-19,PokéBase,https://pokebase.app/pokemon-champions/pokemon/slurpuff,69c72f25f556071a643fa555:69cb1857fda33e50a24b293e,2026-07-19 06:15:49.510565+00,0.0.0-dev
malamar::m-b::2026-07-19,malamar,687,m-b,true,2026-07-19,PokéBase,https://pokebase.app/pokemon-champions/pokemon/malamar,69c72f27f556071a643fa587:6a32340ff2658b4c0c2451c5,2026-07-19 06:15:49.510565+00,0.0.0-dev
malamar-mega::m-b::2026-07-19,malamar-mega,687,m-b,true,2026-07-19,PokéBase,https://pokebase.app/pokemon-champions/pokemon/malamar-mega,69ccbdeff4bc7a1a754b03c0:6a32340ff2658b4c0c2451c5,2026-07-19 06:15:49.510565+00,0.0.0-dev
barbaracle::m-b::2026-07-19,barbaracle,689,m-b,true,2026-07-19,PokéBase,https://pokebase.app/pokemon-champions/pokemon/barbaracle,69c72f28f556071a643fa599:6a32340ff2658b4c0c2451c5,2026-07-19 06:15:49.510565+00,0.0.0-dev
barbaracle-mega::m-b::2026-07-19,barbaracle-mega,689,m-b,true,2026-07-19,PokéBase,https://pokebase.app/pokemon-champions/pokemon/barbaracle-mega,69ccbdf0f4bc7a1a754b03cc:6a32340ff2658b4c0c2451c5,2026-07-19 06:15:49.510565+00,0.0.0-dev
dragalge::m-b::2026-07-19,dragalge,691,m-b,true,2026-07-19,PokéBase,https://pokebase.app/pokemon-champions/pokemon/dragalge,69c72f2af556071a643fa5cc:6a32340ff2658b4c0c2451c5,2026-07-19 06:15:49.510565+00,0.0.0-dev
dragalge-mega::m-b::2026-07-19,dragalge-mega,691,m-b,true,2026-07-19,PokéBase,https://pokebase.app/pokemon-champions/pokemon/dragalge-mega,69ccbdf2f4bc7a1a754b040e:6a32340ff2658b4c0c2451c5,2026-07-19 06:15:49.510565+00,0.0.0-dev
clawitzer::m-a::2026-07-19,clawitzer,693,m-a,true,2026-07-19,PokéBase,https://pokebase.app/pokemon-champions/pokemon/clawitzer,69c72f2af556071a643fa5e0:69cb1857fda33e50a24b293e,2026-07-19 06:15:49.510565+00,0.0.0-dev
heliolisk::m-a::2026-07-19,heliolisk,695,m-a,true,2026-07-19,PokéBase,https://pokebase.app/pokemon-champions/pokemon/heliolisk,69c72f2cf556071a643fa60b:69cb1857fda33e50a24b293e,2026-07-19 06:15:49.510565+00,0.0.0-dev
tyrantrum::m-a::2026-07-19,tyrantrum,697,m-a,true,2026-07-19,PokéBase,https://pokebase.app/pokemon-champions/pokemon/tyrantrum,69c72f2df556071a643fa627:69cb1857fda33e50a24b293e,2026-07-19 06:15:49.510565+00,0.0.0-dev
aurorus::m-a::2026-07-19,aurorus,699,m-a,true,2026-07-19,PokéBase,https://pokebase.app/pokemon-champions/pokemon/aurorus,69c72f2ff556071a643fa652:69cb1857fda33e50a24b293e,2026-07-19 06:15:49.510565+00,0.0.0-dev
sylveon::m-a::2026-07-19,sylveon,700,m-a,true,2026-07-19,PokéBase,https://pokebase.app/pokemon-champions/pokemon/sylveon,69c72f30f556071a643fa667:69cb1857fda33e50a24b293e,2026-07-19 06:15:49.510565+00,0.0.0-dev
hawlucha::m-a::2026-07-19,hawlucha,701,m-a,true,2026-07-19,PokéBase,https://pokebase.app/pokemon-champions/pokemon/hawlucha,69c72f31f556071a643fa677:69cb1857fda33e50a24b293e,2026-07-19 06:15:49.510565+00,0.0.0-dev
hawlucha-mega::m-a::2026-07-19,hawlucha-mega,701,m-a,true,2026-07-19,PokéBase,https://pokebase.app/pokemon-champions/pokemon/hawlucha-mega,69ccbdf3f4bc7a1a754b0433:69cb1857fda33e50a24b293e,2026-07-19 06:15:49.510565+00,0.0.0-dev
dedenne::m-a::2026-07-19,dedenne,702,m-a,true,2026-07-19,PokéBase,https://pokebase.app/pokemon-champions/pokemon/dedenne,69c72f30f556071a643fa669:69cb1857fda33e50a24b293e,2026-07-19 06:15:49.510565+00,0.0.0-dev
goodra::m-a::2026-07-19,goodra,706,m-a,true,2026-07-19,PokéBase,https://pokebase.app/pokemon-champions/pokemon/goodra,69c72f33f556071a643fa6bd:69cb1857fda33e50a24b293e,2026-07-19 06:15:49.510565+00,0.0.0-dev
goodra-hisui::m-a::2026-07-19,goodra-hisui,706,m-a,true,2026-07-19,PokéBase,https://pokebase.app/pokemon-champions/pokemon/goodra-hisui,69ccbdf4f4bc7a1a754b044a:69cb1857fda33e50a24b293e,2026-07-19 06:15:49.510565+00,0.0.0-dev
klefki::m-a::2026-07-19,klefki,707,m-a,true,2026-07-19,PokéBase,https://pokebase.app/pokemon-champions/pokemon/klefki,69c72f35f556071a643fa6e0:69cb1857fda33e50a24b293e,2026-07-19 06:15:49.510565+00,0.0.0-dev
trevenant::m-a::2026-07-19,trevenant,709,m-a,true,2026-07-19,PokéBase,https://pokebase.app/pokemon-champions/pokemon/trevenant,69c72f36f556071a643fa704:69cb1857fda33e50a24b293e,2026-07-19 06:15:49.510565+00,0.0.0-dev
gourgeist-average::m-a::2026-07-19,gourgeist-average,711,m-a,true,2026-07-19,PokéBase,https://pokebase.app/pokemon-champions/pokemon/gourgeist,69c72f38f556071a643fa71f:69cb1857fda33e50a24b293e,2026-07-19 06:15:49.510565+00,0.0.0-dev
avalugg::m-a::2026-07-19,avalugg,713,m-a,true,2026-07-19,PokéBase,https://pokebase.app/pokemon-champions/pokemon/avalugg,69c72f39f556071a643fa740:69cb1857fda33e50a24b293e,2026-07-19 06:15:49.510565+00,0.0.0-dev
avalugg-hisui::m-a::2026-07-19,avalugg-hisui,713,m-a,true,2026-07-19,PokéBase,https://pokebase.app/pokemon-champions/pokemon/avalugg-hisui,69ccbdf7f4bc7a1a754b04a0:69cb1857fda33e50a24b293e,2026-07-19 06:15:49.510565+00,0.0.0-dev
noivern::m-a::2026-07-19,noivern,715,m-a,true,2026-07-19,PokéBase,https://pokebase.app/pokemon-champions/pokemon/noivern,69c72f3bf556071a643fa767:69cb1857fda33e50a24b293e,2026-07-19 06:15:49.510565+00,0.0.0-dev
decidueye::m-a::2026-07-19,decidueye,724,m-a,true,2026-07-19,PokéBase,https://pokebase.app/pokemon-champions/pokemon/decidueye,69c72f42f556071a643fa7fb:69cb1857fda33e50a24b293e,2026-07-19 06:15:49.510565+00,0.0.0-dev
decidueye-hisui::m-a::2026-07-19,decidueye-hisui,724,m-a,true,2026-07-19,PokéBase,https://pokebase.app/pokemon-champions/pokemon/decidueye-hisui,69ccbe02f4bc7a1a754b05a3:69cb1857fda33e50a24b293e,2026-07-19 06:15:49.510565+00,0.0.0-dev
incineroar::m-a::2026-07-19,incineroar,727,m-a,true,2026-07-19,PokéBase,https://pokebase.app/pokemon-champions/pokemon/incineroar,69c72f45f556071a643fa833:69cb1857fda33e50a24b293e,2026-07-19 06:15:49.510565+00,0.0.0-dev
primarina::m-a::2026-07-19,primarina,730,m-a,true,2026-07-19,PokéBase,https://pokebase.app/pokemon-champions/pokemon/primarina,69c72f48f556071a643fa870:69cb1857fda33e50a24b293e,2026-07-19 06:15:49.510565+00,0.0.0-dev
toucannon::m-a::2026-07-19,toucannon,733,m-a,true,2026-07-19,PokéBase,https://pokebase.app/pokemon-champions/pokemon/toucannon,69c72f4af556071a643fa8ab:69cb1857fda33e50a24b293e,2026-07-19 06:15:49.510565+00,0.0.0-dev
crabominable::m-a::2026-07-19,crabominable,740,m-a,true,2026-07-19,PokéBase,https://pokebase.app/pokemon-champions/pokemon/crabominable,69c72f4ef556071a643fa90a:69cb1857fda33e50a24b293e,2026-07-19 06:15:49.510565+00,0.0.0-dev
crabominable-mega::m-a::2026-07-19,crabominable-mega,740,m-a,true,2026-07-19,PokéBase,https://pokebase.app/pokemon-champions/pokemon/crabominable-mega,69ccbe05f4bc7a1a754b0601:69cb1857fda33e50a24b293e,2026-07-19 06:15:49.510565+00,0.0.0-dev
lycanroc-dusk::m-a::2026-07-19,lycanroc-dusk,745,m-a,true,2026-07-19,PokéBase,https://pokebase.app/pokemon-champions/pokemon/lycanroc-dusk,69ccbe0ff4bc7a1a754b06f5:69cb1857fda33e50a24b293e,2026-07-19 06:15:49.510565+00,0.0.0-dev
lycanroc-midday::m-a::2026-07-19,lycanroc-midday,745,m-a,true,2026-07-19,PokéBase,https://pokebase.app/pokemon-champions/pokemon/lycanroc-midday,69ccee7b2a291bea7960c0d1:69cb1857fda33e50a24b293e,2026-07-19 06:15:49.510565+00,0.0.0-dev
lycanroc-midnight::m-a::2026-07-19,lycanroc-midnight,745,m-a,true,2026-07-19,PokéBase,https://pokebase.app/pokemon-champions/pokemon/lycanroc-midnight,69ccbe0df4bc7a1a754b06b2:69cb1857fda33e50a24b293e,2026-07-19 06:15:49.510565+00,0.0.0-dev
toxapex::m-a::2026-07-19,toxapex,748,m-a,true,2026-07-19,PokéBase,https://pokebase.app/pokemon-champions/pokemon/toxapex,69c72f54f556071a643fa98b:69cb1857fda33e50a24b293e,2026-07-19 06:15:49.510565+00,0.0.0-dev
mudsdale::m-a::2026-07-19,mudsdale,750,m-a,true,2026-07-19,PokéBase,https://pokebase.app/pokemon-champions/pokemon/mudsdale,69c72f56f556071a643fa9c9:69cb1857fda33e50a24b293e,2026-07-19 06:15:49.510565+00,0.0.0-dev
araquanid::m-a::2026-07-19,araquanid,752,m-a,true,2026-07-19,PokéBase,https://pokebase.app/pokemon-champions/pokemon/araquanid,69c72f57f556071a643fa9e3:69cb1857fda33e50a24b293e,2026-07-19 06:15:49.510565+00,0.0.0-dev
salazzle::m-a::2026-07-19,salazzle,758,m-a,true,2026-07-19,PokéBase,https://pokebase.app/pokemon-champions/pokemon/salazzle,69c72f5cf556071a643faa35:69cb1857fda33e50a24b293e,2026-07-19 06:15:49.510565+00,0.0.0-dev
tsareena::m-a::2026-07-19,tsareena,763,m-a,true,2026-07-19,PokéBase,https://pokebase.app/pokemon-champions/pokemon/tsareena,69c72f61f556071a643faaad:69cb1857fda33e50a24b293e,2026-07-19 06:15:49.510565+00,0.0.0-dev
oranguru::m-a::2026-07-19,oranguru,765,m-a,true,2026-07-19,PokéBase,https://pokebase.app/pokemon-champions/pokemon/oranguru,69c72f62f556071a643faacd:69cb1857fda33e50a24b293e,2026-07-19 06:15:49.510565+00,0.0.0-dev
passimian::m-a::2026-07-19,passimian,766,m-a,true,2026-07-19,PokéBase,https://pokebase.app/pokemon-champions/pokemon/passimian,69c72f63f556071a643faadc:69cb1857fda33e50a24b293e,2026-07-19 06:15:49.510565+00,0.0.0-dev
mimikyu-disguised::m-a::2026-07-19,mimikyu-disguised,778,m-a,true,2026-07-19,PokéBase,https://pokebase.app/pokemon-champions/pokemon/mimikyu,69c72f6bf556071a643faba8:69cb1857fda33e50a24b293e,2026-07-19 06:15:49.510565+00,0.0.0-dev
drampa::m-a::2026-07-19,drampa,780,m-a,true,2026-07-19,PokéBase,https://pokebase.app/pokemon-champions/pokemon/drampa,69c72f6df556071a643fabd6:69cb1857fda33e50a24b293e,2026-07-19 06:15:49.510565+00,0.0.0-dev
drampa-mega::m-a::2026-07-19,drampa-mega,780,m-a,true,2026-07-19,PokéBase,https://pokebase.app/pokemon-champions/pokemon/drampa-mega,69ccbe2ef4bc7a1a754b07cb:69cb1857fda33e50a24b293e,2026-07-19 06:15:49.510565+00,0.0.0-dev
kommo-o::m-a::2026-07-19,kommo-o,784,m-a,true,2026-07-19,PokéBase,https://pokebase.app/pokemon-champions/pokemon/kommo-o,69c72f70f556071a643fac1f:69cb1857fda33e50a24b293e,2026-07-19 06:15:49.510565+00,0.0.0-dev
corviknight::m-a::2026-07-19,corviknight,823,m-a,true,2026-07-19,PokéBase,https://pokebase.app/pokemon-champions/pokemon/corviknight,69c72f8ef556071a643faeb9:69cb1857fda33e50a24b293e,2026-07-19 06:15:49.510565+00,0.0.0-dev
flapple::m-a::2026-07-19,flapple,841,m-a,true,2026-07-19,PokéBase,https://pokebase.app/pokemon-champions/pokemon/flapple,69c72f9af556071a643faff0:69cb1857fda33e50a24b293e,2026-07-19 06:15:49.510565+00,0.0.0-dev
appletun::m-a::2026-07-19,appletun,842,m-a,true,2026-07-19,PokéBase,https://pokebase.app/pokemon-champions/pokemon/appletun,69c72f9bf556071a643faffd:69cb1857fda33e50a24b293e,2026-07-19 06:15:49.510565+00,0.0.0-dev
sandaconda::m-a::2026-07-19,sandaconda,844,m-a,true,2026-07-19,PokéBase,https://pokebase.app/pokemon-champions/pokemon/sandaconda,69c72f9cf556071a643fb023:69cb1857fda33e50a24b293e,2026-07-19 06:15:49.510565+00,0.0.0-dev
polteageist::m-a::2026-07-19,polteageist,855,m-a,true,2026-07-19,PokéBase,https://pokebase.app/pokemon-champions/pokemon/polteageist,69c72fa3f556071a643fb0df:69cb1857fda33e50a24b293e,2026-07-19 06:15:49.510565+00,0.0.0-dev
hatterene::m-a::2026-07-19,hatterene,858,m-a,true,2026-07-19,PokéBase,https://pokebase.app/pokemon-champions/pokemon/hatterene,69c72fa4f556071a643fb109:69cb1857fda33e50a24b293e,2026-07-19 06:15:49.510565+00,0.0.0-dev
grimmsnarl::m-b::2026-07-19,grimmsnarl,861,m-b,true,2026-07-19,PokéBase,https://pokebase.app/pokemon-champions/pokemon/grimmsnarl,69c72fa7f556071a643fb14b:6a32340ff2658b4c0c2451c5,2026-07-19 06:15:49.510565+00,0.0.0-dev
mr-rime::m-a::2026-07-19,mr-rime,866,m-a,true,2026-07-19,PokéBase,https://pokebase.app/pokemon-champions/pokemon/mr-rime,69c72faaf556071a643fb19c:69cb1857fda33e50a24b293e,2026-07-19 06:15:49.510565+00,0.0.0-dev
runerigus::m-a::2026-07-19,runerigus,867,m-a,true,2026-07-19,PokéBase,https://pokebase.app/pokemon-champions/pokemon/runerigus,69c72fabf556071a643fb1ab:69cb1857fda33e50a24b293e,2026-07-19 06:15:49.510565+00,0.0.0-dev
alcremie::m-a::2026-07-19,alcremie,869,m-a,true,2026-07-19,PokéBase,https://pokebase.app/pokemon-champions/pokemon/alcremie,69c72fadf556071a643fb1d5:69cb1857fda33e50a24b293e,2026-07-19 06:15:49.510565+00,0.0.0-dev
falinks::m-b::2026-07-19,falinks,870,m-b,true,2026-07-19,PokéBase,https://pokebase.app/pokemon-champions/pokemon/falinks,69c72fadf556071a643fb1e2:6a32340ff2658b4c0c2451c5,2026-07-19 06:15:49.510565+00,0.0.0-dev
falinks-mega::m-b::2026-07-19,falinks-mega,870,m-b,true,2026-07-19,PokéBase,https://pokebase.app/pokemon-champions/pokemon/falinks-mega,69ccbe62f4bc7a1a754b0aa1:6a32340ff2658b4c0c2451c5,2026-07-19 06:15:49.510565+00,0.0.0-dev
morpeko-full-belly::m-a::2026-07-19,morpeko-full-belly,877,m-a,true,2026-07-19,PokéBase,https://pokebase.app/pokemon-champions/pokemon/morpeko,69c72fb3f556071a643fb262:69cb1857fda33e50a24b293e,2026-07-19 06:15:49.510565+00,0.0.0-dev
dragapult::m-a::2026-07-19,dragapult,887,m-a,true,2026-07-19,PokéBase,https://pokebase.app/pokemon-champions/pokemon/dragapult,69c72fb9f556071a643fb304:69cb1857fda33e50a24b293e,2026-07-19 06:15:49.510565+00,0.0.0-dev
wyrdeer::m-a::2026-07-19,wyrdeer,899,m-a,true,2026-07-19,PokéBase,https://pokebase.app/pokemon-champions/pokemon/wyrdeer,69c72fc2f556071a643fb3d8:69cb1857fda33e50a24b293e,2026-07-19 06:15:49.510565+00,0.0.0-dev
kleavor::m-a::2026-07-19,kleavor,900,m-a,true,2026-07-19,PokéBase,https://pokebase.app/pokemon-champions/pokemon/kleavor,69c72fc4f556071a643fb407:69cb1857fda33e50a24b293e,2026-07-19 06:15:49.510565+00,0.0.0-dev
basculegion-male::m-a::2026-07-19,basculegion-male,902,m-a,true,2026-07-19,PokéBase,https://pokebase.app/pokemon-champions/pokemon/basculegion,69c72fc4f556071a643fb415:69cb1857fda33e50a24b293e,2026-07-19 06:15:49.510565+00,0.0.0-dev
basculegion-female::m-a::2026-07-19,basculegion-female,902,m-a,true,2026-07-19,PokéBase,https://pokebase.app/pokemon-champions/pokemon/basculegion-female,69ccbe79f4bc7a1a754b0c75:69cb1857fda33e50a24b293e,2026-07-19 06:15:49.510565+00,0.0.0-dev
sneasler::m-a::2026-07-19,sneasler,903,m-a,true,2026-07-19,PokéBase,https://pokebase.app/pokemon-champions/pokemon/sneasler,69c72fc4f556071a643fb412:69cb1857fda33e50a24b293e,2026-07-19 06:15:49.510565+00,0.0.0-dev
overqwil::m-b::2026-07-19,overqwil,904,m-b,true,2026-07-19,PokéBase,https://pokebase.app/pokemon-champions/pokemon/overqwil,69c72fc6f556071a643fb443:6a32340ff2658b4c0c2451c5,2026-07-19 06:15:49.510565+00,0.0.0-dev
meowscarada::m-a::2026-07-19,meowscarada,908,m-a,true,2026-07-19,PokéBase,https://pokebase.app/pokemon-champions/pokemon/meowscarada,69c72fc9f556071a643fb484:69cb1857fda33e50a24b293e,2026-07-19 06:15:49.510565+00,0.0.0-dev
skeledirge::m-a::2026-07-19,skeledirge,911,m-a,true,2026-07-19,PokéBase,https://pokebase.app/pokemon-champions/pokemon/skeledirge,69c72fcaf556071a643fb4a4:69cb1857fda33e50a24b293e,2026-07-19 06:15:49.510565+00,0.0.0-dev
quaquaval::m-a::2026-07-19,quaquaval,914,m-a,true,2026-07-19,PokéBase,https://pokebase.app/pokemon-champions/pokemon/quaquaval,69c72fcdf556071a643fb4e8:69cb1857fda33e50a24b293e,2026-07-19 06:15:49.510565+00,0.0.0-dev
maushold-family-of-four::m-a::2026-07-19,maushold-family-of-four,925,m-a,true,2026-07-19,PokéBase,https://pokebase.app/pokemon-champions/pokemon/maushold,69c72fd5f556071a643fb59e:69cb1857fda33e50a24b293e,2026-07-19 06:15:49.510565+00,0.0.0-dev
garganacl::m-a::2026-07-19,garganacl,934,m-a,true,2026-07-19,PokéBase,https://pokebase.app/pokemon-champions/pokemon/garganacl,69c72fdbf556071a643fb634:69cb1857fda33e50a24b293e,2026-07-19 06:15:49.510565+00,0.0.0-dev
armarouge::m-a::2026-07-19,armarouge,936,m-a,true,2026-07-19,PokéBase,https://pokebase.app/pokemon-champions/pokemon/armarouge,69c72fdcf556071a643fb662:69cb1857fda33e50a24b293e,2026-07-19 06:15:49.510565+00,0.0.0-dev
ceruledge::m-a::2026-07-19,ceruledge,937,m-a,true,2026-07-19,PokéBase,https://pokebase.app/pokemon-champions/pokemon/ceruledge,69c72fddf556071a643fb667:69cb1857fda33e50a24b293e,2026-07-19 06:15:49.510565+00,0.0.0-dev
bellibolt::m-a::2026-07-19,bellibolt,939,m-a,true,2026-07-19,PokéBase,https://pokebase.app/pokemon-champions/pokemon/bellibolt,69c72fddf556071a643fb680:69cb1857fda33e50a24b293e,2026-07-19 06:15:49.510565+00,0.0.0-dev
scovillain-mega::m-a::2026-07-19,scovillain-mega,952,m-a,true,2026-07-19,PokéBase,https://pokebase.app/pokemon-champions/pokemon/scovillain-mega,69ccbe86f4bc7a1a754b0d91:69cb1857fda33e50a24b293e,2026-07-19 06:15:49.510565+00,0.0.0-dev
scovillain::m-a::2026-07-19,scovillain,952,m-a,true,2026-07-19,PokéBase,https://pokebase.app/pokemon-champions/pokemon/scovillain,69c72fe7f556071a643fb77a:69cb1857fda33e50a24b293e,2026-07-19 06:15:49.510565+00,0.0.0-dev
espathra::m-a::2026-07-19,espathra,956,m-a,true,2026-07-19,PokéBase,https://pokebase.app/pokemon-champions/pokemon/espathra,69c72feaf556071a643fb7b8:69cb1857fda33e50a24b293e,2026-07-19 06:15:49.510565+00,0.0.0-dev
tinkaton::m-a::2026-07-19,tinkaton,959,m-a,true,2026-07-19,PokéBase,https://pokebase.app/pokemon-champions/pokemon/tinkaton,69c72febf556071a643fb7d3:69cb1857fda33e50a24b293e,2026-07-19 06:15:49.510565+00,0.0.0-dev
palafin-zero::m-a::2026-07-19,palafin-zero,964,m-a,true,2026-07-19,PokéBase,https://pokebase.app/pokemon-champions/pokemon/palafin,69c72ff0f556071a643fb843:69cb1857fda33e50a24b293e,2026-07-19 06:15:49.510565+00,0.0.0-dev
orthworm::m-a::2026-07-19,orthworm,968,m-a,true,2026-07-19,PokéBase,https://pokebase.app/pokemon-champions/pokemon/orthworm,69c72ff3f556071a643fb895:69cb1857fda33e50a24b293e,2026-07-19 06:15:49.510565+00,0.0.0-dev
glimmora::m-a::2026-07-19,glimmora,970,m-a,true,2026-07-19,PokéBase,https://pokebase.app/pokemon-champions/pokemon/glimmora,69c72ff3f556071a643fb88b:69cb1857fda33e50a24b293e,2026-07-19 06:15:49.510565+00,0.0.0-dev
glimmora-mega::m-a::2026-07-19,glimmora-mega,970,m-a,true,2026-07-19,PokéBase,https://pokebase.app/pokemon-champions/pokemon/glimmora-mega,69ccbe8bf4bc7a1a754b0e09:69cb1857fda33e50a24b293e,2026-07-19 06:15:49.510565+00,0.0.0-dev
houndstone::m-b::2026-07-19,houndstone,972,m-b,true,2026-07-19,PokéBase,https://pokebase.app/pokemon-champions/pokemon/houndstone,69c72ff5f556071a643fb8c2:6a32340ff2658b4c0c2451c5,2026-07-19 06:15:49.510565+00,0.0.0-dev
annihilape::m-b::2026-07-19,annihilape,979,m-b,true,2026-07-19,PokéBase,https://pokebase.app/pokemon-champions/pokemon/annihilape,69c72ff9f556071a643fb91a:6a32340ff2658b4c0c2451c5,2026-07-19 06:15:49.510565+00,0.0.0-dev
farigiraf::m-a::2026-07-19,farigiraf,981,m-a,true,2026-07-19,PokéBase,https://pokebase.app/pokemon-champions/pokemon/farigiraf,69c72ffcf556071a643fb96a:69cb1857fda33e50a24b293e,2026-07-19 06:15:49.510565+00,0.0.0-dev
kingambit::m-a::2026-07-19,kingambit,983,m-a,true,2026-07-19,PokéBase,https://pokebase.app/pokemon-champions/pokemon/kingambit,69c72ffcf556071a643fb975:69cb1857fda33e50a24b293e,2026-07-19 06:15:49.510565+00,0.0.0-dev
gholdengo::m-b::2026-07-19,gholdengo,1000,m-b,true,2026-07-19,PokéBase,https://pokebase.app/pokemon-champions/pokemon/gholdengo,69c73009f556071a643fbaa7:6a32340ff2658b4c0c2451c5,2026-07-19 06:15:49.510565+00,0.0.0-dev
sinistcha::m-a::2026-07-19,sinistcha,1013,m-a,true,2026-07-19,PokéBase,https://pokebase.app/pokemon-champions/pokemon/sinistcha,69c73013f556071a643fbb94:69cb1857fda33e50a24b293e,2026-07-19 06:15:49.510565+00,0.0.0-dev
archaludon::m-a::2026-07-19,archaludon,1018,m-a,true,2026-07-19,PokéBase,https://pokebase.app/pokemon-champions/pokemon/archaludon,69c73016f556071a643fbbdf:69cb1857fda33e50a24b293e,2026-07-19 06:15:49.510565+00,0.0.0-dev
hydrapple::m-a::2026-07-19,hydrapple,1019,m-a,true,2026-07-19,PokéBase,https://pokebase.app/pokemon-champions/pokemon/hydrapple,69c73016f556071a643fbbdb:69cb1857fda33e50a24b293e,2026-07-19 06:15:49.510565+00,0.0.0-dev
