pokemon_asset_key,pokemon_key,pokemon_id,image_kind,local_cache_path,sha1,width,height,source_name,source_url,source_record_id,extracted_at_utc,dataset_version
beedrill-mega,beedrill-mega,15,menu_sprite,0015-Mega.png,43021b45a8c535a8b7013eeb525a6b8d5398911e,128,128,Bulbagarden Archives,https://archives.bulbagarden.net/media/upload/0/0f/Menu_CP_0015-Mega.png,File:Menu CP 0015-Mega.png,2026-07-21 11:16:38.103977+00,0.0.0-dev
raichu,raichu,26,menu_sprite,0026.png,80e477ab754251e65581531c2311d2b1be360aba,128,128,Bulbagarden Archives,https://archives.bulbagarden.net/media/upload/6/6e/Menu_CP_0026.png,File:Menu CP 0026.png,2026-07-21 11:16:38.103977+00,0.0.0-dev
ninetales-alola,ninetales-alola,38,menu_sprite,0038-Alola.png,0ed1c906c2cabd8da71134802d3aa9f01151fb96,128,128,Bulbagarden Archives,https://archives.bulbagarden.net/media/upload/7/7f/Menu_CP_0038-Alola.png,File:Menu CP 0038-Alola.png,2026-07-21 11:16:38.103977+00,0.0.0-dev
alakazam,alakazam,65,menu_sprite,0065.png,33a59605d4b0685929057f8592505d8c300e2fd0,128,128,Bulbagarden Archives,https://archives.bulbagarden.net/media/upload/1/18/Menu_CP_0065.png,File:Menu CP 0065.png,2026-07-21 11:16:38.103977+00,0.0.0-dev
tauros-paldea-combat-breed,tauros-paldea-combat-breed,128,menu_sprite,0128-Paldea Combat.png,5c5175d449bc66faa00b03445de530a992ba821c,128,128,Bulbagarden Archives,https://archives.bulbagarden.net/media/upload/0/09/Menu_CP_0128-Paldea_Combat.png,File:Menu CP 0128-Paldea Combat.png,2026-07-21 11:16:38.103977+00,0.0.0-dev
gyarados-mega,gyarados-mega,130,menu_sprite,0130-Mega.png,cb050319b9bd94d4ee04fea86f9a40a08e1bea77,128,128,Bulbagarden Archives,https://archives.bulbagarden.net/media/upload/3/36/Menu_CP_0130-Mega.png,File:Menu CP 0130-Mega.png,2026-07-21 11:16:38.103977+00,0.0.0-dev
gyarados,gyarados,130,menu_sprite,0130.png,d608ffd46f0c2286fa84628a720e9dfde84f4692,128,128,Bulbagarden Archives,https://archives.bulbagarden.net/media/upload/9/97/Menu_CP_0130.png,File:Menu CP 0130.png,2026-07-21 11:16:38.103977+00,0.0.0-dev
dragonite,dragonite,149,menu_sprite,0149.png,d655a01e6d9eee0229d9b837d92fe98911212f0a,128,128,Bulbagarden Archives,https://archives.bulbagarden.net/media/upload/c/c6/Menu_CP_0149.png,File:Menu CP 0149.png,2026-07-21 11:16:38.103977+00,0.0.0-dev
meganium-mega,meganium-mega,154,menu_sprite,0154-Mega.png,d207a967672e5eac29b55d0ad44ab82fd7f976a6,128,128,Bulbagarden Archives,https://archives.bulbagarden.net/media/upload/5/5a/Menu_CP_0154-Mega.png,File:Menu CP 0154-Mega.png,2026-07-21 11:16:38.103977+00,0.0.0-dev
typhlosion-hisui,typhlosion-hisui,157,menu_sprite,0157-Hisui.png,aabecf5beb8f84b234c2b1fdc135c628f2e38dbc,128,128,Bulbagarden Archives,https://archives.bulbagarden.net/media/upload/e/e3/Menu_CP_0157-Hisui.png,File:Menu CP 0157-Hisui.png,2026-07-21 11:16:38.103977+00,0.0.0-dev
espeon,espeon,196,menu_sprite,0196.png,d0eaffe0bf76efec2bb071a9e99876cf93a0a61d,128,128,Bulbagarden Archives,https://archives.bulbagarden.net/media/upload/d/d1/Menu_CP_0196.png,File:Menu CP 0196.png,2026-07-21 11:16:38.103977+00,0.0.0-dev
umbreon,umbreon,197,menu_sprite,0197.png,09c94cd4bcc8ac430a4b17c47a79066b58609df8,128,128,Bulbagarden Archives,https://archives.bulbagarden.net/media/upload/9/95/Menu_CP_0197.png,File:Menu CP 0197.png,2026-07-21 11:16:38.103977+00,0.0.0-dev
slowking-galar,slowking-galar,199,menu_sprite,0199-Galar.png,f888eb89b7c3c0df99f9949503b8a626706473b3,128,128,Bulbagarden Archives,https://archives.bulbagarden.net/media/upload/5/5a/Menu_CP_0199-Galar.png,File:Menu CP 0199-Galar.png,2026-07-21 11:16:38.103977+00,0.0.0-dev
slowking,slowking,199,menu_sprite,0199.png,d84c006fa73f7fabd8d933434a81abae5e779fd5,128,128,Bulbagarden Archives,https://archives.bulbagarden.net/media/upload/f/f0/Menu_CP_0199.png,File:Menu CP 0199.png,2026-07-21 11:16:38.103977+00,0.0.0-dev
scizor-mega,scizor-mega,212,menu_sprite,0212-Mega.png,408d49b0f5f8d7c2dc7cc8021cf9a48f5ebfb73a,128,128,Bulbagarden Archives,https://archives.bulbagarden.net/media/upload/2/27/Menu_CP_0212-Mega.png,File:Menu CP 0212-Mega.png,2026-07-21 11:16:38.103977+00,0.0.0-dev
skarmory-mega,skarmory-mega,227,menu_sprite,0227-Mega.png,47233d4ec5aa64097106f80abd5cfe8548de29a2,128,128,Bulbagarden Archives,https://archives.bulbagarden.net/media/upload/3/33/Menu_CP_0227-Mega.png,File:Menu CP 0227-Mega.png,2026-07-21 11:16:38.103977+00,0.0.0-dev
tyranitar,tyranitar,248,menu_sprite,0248.png,a2352f06632e6c7d7495d6982ffc03613ebbdc0e,128,128,Bulbagarden Archives,https://archives.bulbagarden.net/media/upload/0/0c/Menu_CP_0248.png,File:Menu CP 0248.png,2026-07-21 11:16:38.103977+00,0.0.0-dev
sceptile,sceptile,254,menu_sprite,0254.png,3c7a8cc057daff890907ab30dc18ed01db9f17db,128,128,Bulbagarden Archives,https://archives.bulbagarden.net/media/upload/f/f7/Menu_CP_0254.png,File:Menu CP 0254.png,2026-07-21 11:16:38.103977+00,0.0.0-dev
swampert-mega,swampert-mega,260,menu_sprite,0260-Mega.png,614b91a09f82294cb68d026421c97ac3cfe394bd,128,128,Bulbagarden Archives,https://archives.bulbagarden.net/media/upload/0/0c/Menu_CP_0260-Mega.png,File:Menu CP 0260-Mega.png,2026-07-21 11:16:38.103977+00,0.0.0-dev
sharpedo-mega,sharpedo-mega,319,menu_sprite,0319-Mega.png,fdab5ae77bfcae9a0fd931a9a247c35864df5af1,128,128,Bulbagarden Archives,https://archives.bulbagarden.net/media/upload/a/a9/Menu_CP_0319-Mega.png,File:Menu CP 0319-Mega.png,2026-07-21 11:16:38.103977+00,0.0.0-dev
torkoal,torkoal,324,menu_sprite,0324.png,ae6709eb05869412972b1ad029441b5a111a0d40,128,128,Bulbagarden Archives,https://archives.bulbagarden.net/media/upload/0/00/Menu_CP_0324.png,File:Menu CP 0324.png,2026-07-21 11:16:38.103977+00,0.0.0-dev
castform,castform,351,menu_sprite,0351.png,9f245060b8d3d972b3892693947b260ed3e204b5,128,128,Bulbagarden Archives,https://archives.bulbagarden.net/media/upload/6/6a/Menu_CP_0351.png,File:Menu CP 0351.png,2026-07-21 11:16:38.103977+00,0.0.0-dev
chimecho,chimecho,358,menu_sprite,0358.png,5d76c923e5c67379ddabc6682eb14165065ff326,128,128,Bulbagarden Archives,https://archives.bulbagarden.net/media/upload/1/1e/Menu_CP_0358.png,File:Menu CP 0358.png,2026-07-21 11:16:38.103977+00,0.0.0-dev
absol-mega,absol-mega,359,menu_sprite,0359-Mega.png,8efde9067c5632b910c95e1cbc25f30266a6611d,128,128,Bulbagarden Archives,https://archives.bulbagarden.net/media/upload/d/d5/Menu_CP_0359-Mega.png,File:Menu CP 0359-Mega.png,2026-07-21 11:16:38.103977+00,0.0.0-dev
absol,absol,359,menu_sprite,0359.png,be5b980615af6b51f51e9f22c3a9d07b7eafdd0c,128,128,Bulbagarden Archives,https://archives.bulbagarden.net/media/upload/4/47/Menu_CP_0359.png,File:Menu CP 0359.png,2026-07-21 11:16:38.103977+00,0.0.0-dev
staraptor,staraptor,398,menu_sprite,0398.png,3afe3e47488e53efe5efbbbdc63afc7dc903146e,128,128,Bulbagarden Archives,https://archives.bulbagarden.net/media/upload/f/f2/Menu_CP_0398.png,File:Menu CP 0398.png,2026-07-21 11:16:38.103977+00,0.0.0-dev
luxray,luxray,405,menu_sprite,0405.png,efe7ac4bf8779ae8da0b5be4a21acf80a032a868,128,128,Bulbagarden Archives,https://archives.bulbagarden.net/media/upload/e/e2/Menu_CP_0405.png,File:Menu CP 0405.png,2026-07-21 11:16:38.103977+00,0.0.0-dev
lucario-mega,lucario-mega,448,menu_sprite,0448-Mega.png,a6dc5bef5db738dfe60112b6af7c0ba639db3255,128,128,Bulbagarden Archives,https://archives.bulbagarden.net/media/upload/3/36/Menu_CP_0448-Mega.png,File:Menu CP 0448-Mega.png,2026-07-21 11:16:38.103977+00,0.0.0-dev
toxicroak,toxicroak,454,menu_sprite,0454.png,98be6842a4d29b8d6a906c2f330ded0e2287c9ce,128,128,Bulbagarden Archives,https://archives.bulbagarden.net/media/upload/b/bb/Menu_CP_0454.png,File:Menu CP 0454.png,2026-07-21 11:16:38.103977+00,0.0.0-dev
gliscor,gliscor,472,menu_sprite,0472.png,1789927205348e80705e0f8a774c2cfa023df40e,128,128,Bulbagarden Archives,https://archives.bulbagarden.net/media/upload/a/a9/Menu_CP_0472.png,File:Menu CP 0472.png,2026-07-21 11:16:38.103977+00,0.0.0-dev
gallade,gallade,475,menu_sprite,0475.png,bf5aeded560572155bc65919ac583de8041f143f,128,128,Bulbagarden Archives,https://archives.bulbagarden.net/media/upload/0/07/Menu_CP_0475.png,File:Menu CP 0475.png,2026-07-21 11:16:38.103977+00,0.0.0-dev
froslass,froslass,478,menu_sprite,0478.png,71869d7cbdb1fcd8b5a2b8da1a23387adf5dc7fa,128,128,Bulbagarden Archives,https://archives.bulbagarden.net/media/upload/d/db/Menu_CP_0478.png,File:Menu CP 0478.png,2026-07-21 11:16:38.103977+00,0.0.0-dev
rotom-fan,rotom-fan,479,menu_sprite,0479-Fan.png,ea4278d6bf9770da5fd177bdf0429d3a34301bfb,128,128,Bulbagarden Archives,https://archives.bulbagarden.net/media/upload/2/2f/Menu_CP_0479-Fan.png,File:Menu CP 0479-Fan.png,2026-07-21 11:16:38.103977+00,0.0.0-dev
rotom-mow,rotom-mow,479,menu_sprite,0479-Mow.png,7d83d114f7f00bfa10a2860363696edaf1100273,128,128,Bulbagarden Archives,https://archives.bulbagarden.net/media/upload/8/82/Menu_CP_0479-Mow.png,File:Menu CP 0479-Mow.png,2026-07-21 11:16:38.103977+00,0.0.0-dev
samurott-hisui,samurott-hisui,503,menu_sprite,0503-Hisui.png,886c662b5d1d8ccfdbcf0505c3297d507360ae90,128,128,Bulbagarden Archives,https://archives.bulbagarden.net/media/upload/b/b6/Menu_CP_0503-Hisui.png,File:Menu CP 0503-Hisui.png,2026-07-21 11:16:38.103977+00,0.0.0-dev
simisear,simisear,514,menu_sprite,0514.png,b88661d4c7a7d74f25399e837135964255d51ace,128,128,Bulbagarden Archives,https://archives.bulbagarden.net/media/upload/4/4c/Menu_CP_0514.png,File:Menu CP 0514.png,2026-07-21 11:16:38.103977+00,0.0.0-dev
scolipede-mega,scolipede-mega,545,menu_sprite,0545-Mega.png,670d11806a9bc3b2e9390775da6ee6fa96988576,128,128,Bulbagarden Archives,https://archives.bulbagarden.net/media/upload/e/ef/Menu_CP_0545-Mega.png,File:Menu CP 0545-Mega.png,2026-07-21 11:16:38.103977+00,0.0.0-dev
scrafty-mega,scrafty-mega,560,menu_sprite,0560-Mega.png,215d048391746370618353c3074b7f518970c6bf,128,128,Bulbagarden Archives,https://archives.bulbagarden.net/media/upload/9/96/Menu_CP_0560-Mega.png,File:Menu CP 0560-Mega.png,2026-07-21 11:16:38.103977+00,0.0.0-dev
garbodor,garbodor,569,menu_sprite,0569.png,0386ab540c311487042d504d46cafa699a9c3eb0,128,128,Bulbagarden Archives,https://archives.bulbagarden.net/media/upload/9/9c/Menu_CP_0569.png,File:Menu CP 0569.png,2026-07-21 11:16:38.103977+00,0.0.0-dev
zoroark-hisui,zoroark-hisui,571,menu_sprite,0571-Hisui.png,e1a0cc7fa3e1d420c2dbd4dce01d9962564d67f3,128,128,Bulbagarden Archives,https://archives.bulbagarden.net/media/upload/3/38/Menu_CP_0571-Hisui.png,File:Menu CP 0571-Hisui.png,2026-07-21 11:16:38.103977+00,0.0.0-dev
volcarona,volcarona,637,menu_sprite,0637.png,8fb503693e216c7dfe9006df48d59b4ab9b67a29,128,128,Bulbagarden Archives,https://archives.bulbagarden.net/media/upload/1/19/Menu_CP_0637.png,File:Menu CP 0637.png,2026-07-21 11:16:38.103977+00,0.0.0-dev
greninja-mega,greninja-mega,658,menu_sprite,0658-Mega.png,8426cb4f0349a3954678a6b192f7e8830d51eb25,128,128,Bulbagarden Archives,https://archives.bulbagarden.net/media/upload/1/13/Menu_CP_0658-Mega.png,File:Menu CP 0658-Mega.png,2026-07-21 11:16:38.103977+00,0.0.0-dev
pyroar-mega,pyroar-mega,668,menu_sprite,0668-Mega.png,99655a5c4b2aeab34450ce7f190177a957555f9a,128,128,Bulbagarden Archives,https://archives.bulbagarden.net/media/upload/f/fa/Menu_CP_0668-Mega.png,File:Menu CP 0668-Mega.png,2026-07-21 11:16:38.103977+00,0.0.0-dev
floette-mega,floette-mega,670,menu_sprite,0670-Mega.png,85608080dbe2a1637cc44a84920894efe9f5a86e,128,128,Bulbagarden Archives,https://archives.bulbagarden.net/media/upload/0/04/Menu_CP_0670-Mega.png,File:Menu CP 0670-Mega.png,2026-07-21 11:16:38.103977+00,0.0.0-dev
aromatisse,aromatisse,683,menu_sprite,0683.png,0cb0d18143f4287e7f70a66282790d0bd961e677,128,128,Bulbagarden Archives,https://archives.bulbagarden.net/media/upload/c/cf/Menu_CP_0683.png,File:Menu CP 0683.png,2026-07-21 11:16:38.103977+00,0.0.0-dev
slurpuff,slurpuff,685,menu_sprite,0685.png,85a1a5c24aaa49ea6866971eee44c34d9e1ad847,128,128,Bulbagarden Archives,https://archives.bulbagarden.net/media/upload/f/fe/Menu_CP_0685.png,File:Menu CP 0685.png,2026-07-21 11:16:38.103977+00,0.0.0-dev
malamar-mega,malamar-mega,687,menu_sprite,0687-Mega.png,d1f613bcae56b3c260535fdb1a13168653b20a11,128,128,Bulbagarden Archives,https://archives.bulbagarden.net/media/upload/9/99/Menu_CP_0687-Mega.png,File:Menu CP 0687-Mega.png,2026-07-21 11:16:38.103977+00,0.0.0-dev
dragalge-mega,dragalge-mega,691,menu_sprite,0691-Mega.png,6b9ab45594216401d78a2ea01411b951e84d597c,128,128,Bulbagarden Archives,https://archives.bulbagarden.net/media/upload/f/f6/Menu_CP_0691-Mega.png,File:Menu CP 0691-Mega.png,2026-07-21 11:16:38.103977+00,0.0.0-dev
noivern,noivern,715,menu_sprite,0715.png,0a78bef06ae962962fbbadb1cf623c15d736445f,128,128,Bulbagarden Archives,https://archives.bulbagarden.net/media/upload/0/05/Menu_CP_0715.png,File:Menu CP 0715.png,2026-07-21 11:16:38.103977+00,0.0.0-dev
decidueye-hisui,decidueye-hisui,724,menu_sprite,0724-Hisui.png,eeb13dfc956f2a465f13c89731a065123a6c808a,128,128,Bulbagarden Archives,https://archives.bulbagarden.net/media/upload/8/84/Menu_CP_0724-Hisui.png,File:Menu CP 0724-Hisui.png,2026-07-21 11:16:38.103977+00,0.0.0-dev
incineroar,incineroar,727,menu_sprite,0727.png,2129a9f81350a185241aaaeaa4614f6e630391fe,128,128,Bulbagarden Archives,https://archives.bulbagarden.net/media/upload/e/e0/Menu_CP_0727.png,File:Menu CP 0727.png,2026-07-21 11:16:38.103977+00,0.0.0-dev
primarina,primarina,730,menu_sprite,0730.png,b5dbcbfc3020a9fda58afda7ca957aaea0f34cfe,128,128,Bulbagarden Archives,https://archives.bulbagarden.net/media/upload/6/62/Menu_CP_0730.png,File:Menu CP 0730.png,2026-07-21 11:16:38.103977+00,0.0.0-dev
salazzle,salazzle,758,menu_sprite,0758.png,6f0cdcb82dda3d1fbabac4cf3985cb421de537dd,128,128,Bulbagarden Archives,https://archives.bulbagarden.net/media/upload/f/fb/Menu_CP_0758.png,File:Menu CP 0758.png,2026-07-21 11:16:38.103977+00,0.0.0-dev
mimikyu-disguised,mimikyu-disguised,778,menu_sprite,0778.png,3341115bae2a142356f32a2523046316ce4e8450,128,128,Bulbagarden Archives,https://archives.bulbagarden.net/media/upload/1/13/Menu_CP_0778.png,File:Menu CP 0778.png,2026-07-21 11:16:38.103977+00,0.0.0-dev
drampa,drampa,780,menu_sprite,0780.png,9247756412559a7fac0ce05ab8554e2e1b93a644,128,128,Bulbagarden Archives,https://archives.bulbagarden.net/media/upload/c/c7/Menu_CP_0780.png,File:Menu CP 0780.png,2026-07-21 11:16:38.103977+00,0.0.0-dev
kommo-o,kommo-o,784,menu_sprite,0784.png,72fb3dcaf59f86a300226af5dbd0275b41eefa67,128,128,Bulbagarden Archives,https://archives.bulbagarden.net/media/upload/2/2e/Menu_CP_0784.png,File:Menu CP 0784.png,2026-07-21 11:16:38.103977+00,0.0.0-dev
appletun,appletun,842,menu_sprite,0842.png,9d09eabf56004088d8c3efc31c14af437d8732ce,128,128,Bulbagarden Archives,https://archives.bulbagarden.net/media/upload/6/62/Menu_CP_0842.png,File:Menu CP 0842.png,2026-07-21 11:16:38.103977+00,0.0.0-dev
hatterene,hatterene,858,menu_sprite,0858.png,f994f8a839679edf392e5b4488d7ec80baff2fd5,128,128,Bulbagarden Archives,https://archives.bulbagarden.net/media/upload/b/b2/Menu_CP_0858.png,File:Menu CP 0858.png,2026-07-21 11:16:38.103977+00,0.0.0-dev
mr-rime,mr-rime,866,menu_sprite,0866.png,e7dc37ebdbd99c2932529a5f85ea802332fc2a29,128,128,Bulbagarden Archives,https://archives.bulbagarden.net/media/upload/4/4f/Menu_CP_0866.png,File:Menu CP 0866.png,2026-07-21 11:16:38.103977+00,0.0.0-dev
falinks,falinks,870,menu_sprite,0870.png,90386b99d06ec868131b0c001ae7732ae23bad39,128,128,Bulbagarden Archives,https://archives.bulbagarden.net/media/upload/5/56/Menu_CP_0870.png,File:Menu CP 0870.png,2026-07-21 11:16:38.103977+00,0.0.0-dev
morpeko-hangry,morpeko-hangry,877,menu_sprite,0877-Hangry.png,d40af23e42b1eee0efb80104455cfd4ad2a214e6,128,128,Bulbagarden Archives,https://archives.bulbagarden.net/media/upload/c/c9/Menu_CP_0877-Hangry.png,File:Menu CP 0877-Hangry.png,2026-07-21 11:16:38.103977+00,0.0.0-dev
basculegion-male,basculegion-male,902,menu_sprite,0902.png,792b8eba6cfa8bf4c91efd7a521debf45ede5845,128,128,Bulbagarden Archives,https://archives.bulbagarden.net/media/upload/2/2a/Menu_CP_0902.png,File:Menu CP 0902.png,2026-07-21 11:16:38.103977+00,0.0.0-dev
overqwil,overqwil,904,menu_sprite,0904.png,ab001892dba850086b96929a96a9ae63664038ae,128,128,Bulbagarden Archives,https://archives.bulbagarden.net/media/upload/f/f0/Menu_CP_0904.png,File:Menu CP 0904.png,2026-07-21 11:16:38.103977+00,0.0.0-dev
meowscarada,meowscarada,908,menu_sprite,0908.png,f563ebbacae6fef2b09c00b9c35453d3e9f2be5d,128,128,Bulbagarden Archives,https://archives.bulbagarden.net/media/upload/1/17/Menu_CP_0908.png,File:Menu CP 0908.png,2026-07-21 11:16:38.103977+00,0.0.0-dev
pawmot,pawmot,923,menu_sprite,0923.png,84f18b508135e3ca66b03c2bd11193874374f29d,128,128,Bulbagarden Archives,https://archives.bulbagarden.net/media/upload/3/31/Menu_CP_0923.png,File:Menu CP 0923.png,2026-07-21 11:16:38.103977+00,0.0.0-dev
bellibolt,bellibolt,939,menu_sprite,0939.png,5e7f8f3e8134a11de5be70c415458365e8540602,128,128,Bulbagarden Archives,https://archives.bulbagarden.net/media/upload/3/38/Menu_CP_0939.png,File:Menu CP 0939.png,2026-07-21 11:16:38.103977+00,0.0.0-dev
orthworm,orthworm,968,menu_sprite,0968.png,376720560d7f7caa414ec97c0e02cd32c4a56ba4,128,128,Bulbagarden Archives,https://archives.bulbagarden.net/media/upload/9/96/Menu_CP_0968.png,File:Menu CP 0968.png,2026-07-21 11:16:38.103977+00,0.0.0-dev
glimmora,glimmora,970,menu_sprite,0970.png,7e86700756582a3deea0c055fa6e39c5d82c2655,128,128,Bulbagarden Archives,https://archives.bulbagarden.net/media/upload/f/f8/Menu_CP_0970.png,File:Menu CP 0970.png,2026-07-21 11:16:38.103977+00,0.0.0-dev
sinistcha,sinistcha,1013,menu_sprite,1013.png,963f4fdc5047cdf0f107c646f4e09887861df0c0,128,128,Bulbagarden Archives,https://archives.bulbagarden.net/media/upload/3/39/Menu_CP_1013.png,File:Menu CP 1013.png,2026-07-21 11:16:38.103977+00,0.0.0-dev
archaludon,archaludon,1018,menu_sprite,1018.png,036fa8c398d5be299360170aa400df81332c16ba,128,128,Bulbagarden Archives,https://archives.bulbagarden.net/media/upload/a/a0/Menu_CP_1018.png,File:Menu CP 1018.png,2026-07-21 11:16:38.103977+00,0.0.0-dev
hydrapple,hydrapple,1019,menu_sprite,1019.png,c0b3ef94e23bef0e98cbc28e6b04db066e1aed5d,128,128,Bulbagarden Archives,https://archives.bulbagarden.net/media/upload/1/1c/Menu_CP_1019.png,File:Menu CP 1019.png,2026-07-21 11:16:38.103977+00,0.0.0-dev
blastoise-mega,blastoise-mega,9,menu_sprite,0009-Mega.png,1beae3060a1e3e2bd025c4d01cd91af9bf8944c4,128,128,Bulbagarden Archives,https://archives.bulbagarden.net/media/upload/7/78/Menu_CP_0009-Mega.png,File:Menu CP 0009-Mega.png,2026-07-21 11:16:38.103977+00,0.0.0-dev
pidgeot-mega,pidgeot-mega,18,menu_sprite,0018-Mega.png,8ac84f7974e9b30ecbb5ce3c55fcfdd502db116c,128,128,Bulbagarden Archives,https://archives.bulbagarden.net/media/upload/f/f8/Menu_CP_0018-Mega.png,File:Menu CP 0018-Mega.png,2026-07-21 11:16:38.103977+00,0.0.0-dev
raichu-alola,raichu-alola,26,menu_sprite,0026-Alola.png,349cb7b0d992c12f381e7cc5066b891024a90683,128,128,Bulbagarden Archives,https://archives.bulbagarden.net/media/upload/c/ca/Menu_CP_0026-Alola.png,File:Menu CP 0026-Alola.png,2026-07-21 11:16:38.103977+00,0.0.0-dev
clefable,clefable,36,menu_sprite,0036.png,0de2188ff388f3c91fb3d78cd8bd2d0535138820,128,128,Bulbagarden Archives,https://archives.bulbagarden.net/media/upload/2/29/Menu_CP_0036.png,File:Menu CP 0036.png,2026-07-21 11:16:38.103977+00,0.0.0-dev
ninetales,ninetales,38,menu_sprite,0038.png,3c75f1c409e98df745c118a6a0fbe6b5bc6a6365,128,128,Bulbagarden Archives,https://archives.bulbagarden.net/media/upload/0/01/Menu_CP_0038.png,File:Menu CP 0038.png,2026-07-21 11:16:38.103977+00,0.0.0-dev
machamp,machamp,68,menu_sprite,0068.png,1be8ff94a85c68fefcab506f8e6f1822b423bde7,128,128,Bulbagarden Archives,https://archives.bulbagarden.net/media/upload/f/f3/Menu_CP_0068.png,File:Menu CP 0068.png,2026-07-21 11:16:38.103977+00,0.0.0-dev
victreebel-mega,victreebel-mega,71,menu_sprite,0071-Mega.png,3d194cd8303045d425b5d68119677b434f0e8e30,128,128,Bulbagarden Archives,https://archives.bulbagarden.net/media/upload/a/a7/Menu_CP_0071-Mega.png,File:Menu CP 0071-Mega.png,2026-07-21 11:16:38.103977+00,0.0.0-dev
gengar,gengar,94,menu_sprite,0094.png,c3b84eb142f902762d0043f312283285975b626f,128,128,Bulbagarden Archives,https://archives.bulbagarden.net/media/upload/c/cf/Menu_CP_0094.png,File:Menu CP 0094.png,2026-07-21 11:16:38.103977+00,0.0.0-dev
kangaskhan-mega,kangaskhan-mega,115,menu_sprite,0115-Mega.png,b45a2056a1b59316fe08c93358459dad91b52360,128,128,Bulbagarden Archives,https://archives.bulbagarden.net/media/upload/6/6d/Menu_CP_0115-Mega.png,File:Menu CP 0115-Mega.png,2026-07-21 11:16:38.103977+00,0.0.0-dev
kangaskhan,kangaskhan,115,menu_sprite,0115.png,97a215071b594e4e58c85978ac7e68f4b76ef309,128,128,Bulbagarden Archives,https://archives.bulbagarden.net/media/upload/8/84/Menu_CP_0115.png,File:Menu CP 0115.png,2026-07-21 11:16:38.103977+00,0.0.0-dev
starmie,starmie,121,menu_sprite,0121.png,56851587ad087be326aec6e36db4b29b9a426b92,128,128,Bulbagarden Archives,https://archives.bulbagarden.net/media/upload/3/34/Menu_CP_0121.png,File:Menu CP 0121.png,2026-07-21 11:16:38.103977+00,0.0.0-dev
pinsir-mega,pinsir-mega,127,menu_sprite,0127-Mega.png,1c6979d14caddbfa880adf119b208861b3fec4ef,128,128,Bulbagarden Archives,https://archives.bulbagarden.net/media/upload/d/df/Menu_CP_0127-Mega.png,File:Menu CP 0127-Mega.png,2026-07-21 11:16:38.103977+00,0.0.0-dev
pinsir,pinsir,127,menu_sprite,0127.png,5b9eae7dc366ec7c822a7853398cfe2a44ea7c31,128,128,Bulbagarden Archives,https://archives.bulbagarden.net/media/upload/2/2b/Menu_CP_0127.png,File:Menu CP 0127.png,2026-07-21 11:16:38.103977+00,0.0.0-dev
snorlax,snorlax,143,menu_sprite,0143.png,4e398cdef2aa57f79fb72cd26807e972152bf29d,128,128,Bulbagarden Archives,https://archives.bulbagarden.net/media/upload/2/23/Menu_CP_0143.png,File:Menu CP 0143.png,2026-07-21 11:16:38.103977+00,0.0.0-dev
meganium,meganium,154,menu_sprite,0154.png,a20dbf496739c48be80eb714fbc86f9b55a63175,128,128,Bulbagarden Archives,https://archives.bulbagarden.net/media/upload/5/50/Menu_CP_0154.png,File:Menu CP 0154.png,2026-07-21 11:16:38.103977+00,0.0.0-dev
steelix-mega,steelix-mega,208,menu_sprite,0208-Mega.png,9f85dbd8958f218914fa12a4d0b1ba167df00c1f,128,128,Bulbagarden Archives,https://archives.bulbagarden.net/media/upload/2/25/Menu_CP_0208-Mega.png,File:Menu CP 0208-Mega.png,2026-07-21 11:16:38.103977+00,0.0.0-dev
heracross-mega,heracross-mega,214,menu_sprite,0214-Mega.png,0af2695b52d68b266b95dd7dda50e930d1625c24,128,128,Bulbagarden Archives,https://archives.bulbagarden.net/media/upload/c/c6/Menu_CP_0214-Mega.png,File:Menu CP 0214-Mega.png,2026-07-21 11:16:38.103977+00,0.0.0-dev
skarmory,skarmory,227,menu_sprite,0227.png,2da772961a7ea48230d3b4623ab60bee20e0adc4,128,128,Bulbagarden Archives,https://archives.bulbagarden.net/media/upload/8/85/Menu_CP_0227.png,File:Menu CP 0227.png,2026-07-21 11:16:38.103977+00,0.0.0-dev
houndoom-mega,houndoom-mega,229,menu_sprite,0229-Mega.png,dc263c8b2b7b625882da584ffce88e52082e10b7,128,128,Bulbagarden Archives,https://archives.bulbagarden.net/media/upload/b/ba/Menu_CP_0229-Mega.png,File:Menu CP 0229-Mega.png,2026-07-21 11:16:38.103977+00,0.0.0-dev
houndoom,houndoom,229,menu_sprite,0229.png,23b5d67146cae7e6b2cfbc12ac71de6ce5689dcb,128,128,Bulbagarden Archives,https://archives.bulbagarden.net/media/upload/f/f6/Menu_CP_0229.png,File:Menu CP 0229.png,2026-07-21 11:16:38.103977+00,0.0.0-dev
tyranitar-mega,tyranitar-mega,248,menu_sprite,0248-Mega.png,4df5cf4ee53eac816dcbed31beb1be01715c7ad4,128,128,Bulbagarden Archives,https://archives.bulbagarden.net/media/upload/6/6b/Menu_CP_0248-Mega.png,File:Menu CP 0248-Mega.png,2026-07-21 11:16:38.103977+00,0.0.0-dev
sceptile-mega,sceptile-mega,254,menu_sprite,0254-Mega.png,55f059756eff2eb1959a3dfeceede93ba3456281,128,128,Bulbagarden Archives,https://archives.bulbagarden.net/media/upload/e/ea/Menu_CP_0254-Mega.png,File:Menu CP 0254-Mega.png,2026-07-21 11:16:38.103977+00,0.0.0-dev
blaziken-mega,blaziken-mega,257,menu_sprite,0257-Mega.png,0e76d35db4dd2b80e7d4a3a1eddeca35f7cd7b3c,128,128,Bulbagarden Archives,https://archives.bulbagarden.net/media/upload/f/ff/Menu_CP_0257-Mega.png,File:Menu CP 0257-Mega.png,2026-07-21 11:16:38.103977+00,0.0.0-dev
mawile,mawile,303,menu_sprite,0303.png,63a2067d01d9ac367b8b57faea92c08bfb8a271b,128,128,Bulbagarden Archives,https://archives.bulbagarden.net/media/upload/7/7b/Menu_CP_0303.png,File:Menu CP 0303.png,2026-07-21 11:16:38.103977+00,0.0.0-dev
aggron,aggron,306,menu_sprite,0306.png,75efef517193d18e58143534a5e867316e53949c,128,128,Bulbagarden Archives,https://archives.bulbagarden.net/media/upload/3/37/Menu_CP_0306.png,File:Menu CP 0306.png,2026-07-21 11:16:38.103977+00,0.0.0-dev
camerupt-mega,camerupt-mega,323,menu_sprite,0323-Mega.png,db578e56de74625feb82ac87ad1deb2adbbfe359,128,128,Bulbagarden Archives,https://archives.bulbagarden.net/media/upload/9/94/Menu_CP_0323-Mega.png,File:Menu CP 0323-Mega.png,2026-07-21 11:16:38.103977+00,0.0.0-dev
camerupt,camerupt,323,menu_sprite,0323.png,2051be9ccac8ab119b9cd7f1a85e2f6429abb23a,128,128,Bulbagarden Archives,https://archives.bulbagarden.net/media/upload/b/b6/Menu_CP_0323.png,File:Menu CP 0323.png,2026-07-21 11:16:38.103977+00,0.0.0-dev
milotic,milotic,350,menu_sprite,0350.png,54be3553cbf6ff80a95822c5fc76fad17c6a560d,128,128,Bulbagarden Archives,https://archives.bulbagarden.net/media/upload/2/28/Menu_CP_0350.png,File:Menu CP 0350.png,2026-07-21 11:16:38.103977+00,0.0.0-dev
castform-rainy,castform-rainy,351,menu_sprite,0351-Rainy.png,44384593c66a87bfb2ee68a8e80a8b32aa999c73,128,128,Bulbagarden Archives,https://archives.bulbagarden.net/media/upload/6/6d/Menu_CP_0351-Rainy.png,File:Menu CP 0351-Rainy.png,2026-07-21 11:16:38.103977+00,0.0.0-dev
banette-mega,banette-mega,354,menu_sprite,0354-Mega.png,2bba5d77b853686f0dc61a9caf1344e5f77a7453,128,128,Bulbagarden Archives,https://archives.bulbagarden.net/media/upload/9/99/Menu_CP_0354-Mega.png,File:Menu CP 0354-Mega.png,2026-07-21 11:16:38.103977+00,0.0.0-dev
banette,banette,354,menu_sprite,0354.png,44d721b445bb1a998980cc057f5f646c1ef52004,128,128,Bulbagarden Archives,https://archives.bulbagarden.net/media/upload/2/26/Menu_CP_0354.png,File:Menu CP 0354.png,2026-07-21 11:16:38.103977+00,0.0.0-dev
chimecho-mega,chimecho-mega,358,menu_sprite,0358-Mega.png,9199cdb4248fa91cce89d21ad9cfe01a4a98f576,128,128,Bulbagarden Archives,https://archives.bulbagarden.net/media/upload/9/9e/Menu_CP_0358-Mega.png,File:Menu CP 0358-Mega.png,2026-07-21 11:16:38.103977+00,0.0.0-dev
glalie,glalie,362,menu_sprite,0362.png,1609a47736658f6bf2a1cf406b26f9432aeb026d,128,128,Bulbagarden Archives,https://archives.bulbagarden.net/media/upload/c/cc/Menu_CP_0362.png,File:Menu CP 0362.png,2026-07-21 11:16:38.103977+00,0.0.0-dev
lopunny,lopunny,428,menu_sprite,0428.png,dc49e7c2d3f70dd0c61de178693be84e500f2a13,128,128,Bulbagarden Archives,https://archives.bulbagarden.net/media/upload/3/3c/Menu_CP_0428.png,File:Menu CP 0428.png,2026-07-21 11:16:38.103977+00,0.0.0-dev
garchomp,garchomp,445,menu_sprite,0445.png,af5455c8355ba2a1c2ae7f29cce72a56e8e772d6,128,128,Bulbagarden Archives,https://archives.bulbagarden.net/media/upload/6/66/Menu_CP_0445.png,File:Menu CP 0445.png,2026-07-21 11:16:38.103977+00,0.0.0-dev
hippowdon,hippowdon,450,menu_sprite,0450.png,942d91bf9f98a39c05373dd2173be25e05f3a4ed,128,128,Bulbagarden Archives,https://archives.bulbagarden.net/media/upload/5/54/Menu_CP_0450.png,File:Menu CP 0450.png,2026-07-21 11:16:38.103977+00,0.0.0-dev
mamoswine,mamoswine,473,menu_sprite,0473.png,ac374a9087b02d00672aaa7c4c7236518ac33075,128,128,Bulbagarden Archives,https://archives.bulbagarden.net/media/upload/7/76/Menu_CP_0473.png,File:Menu CP 0473.png,2026-07-21 11:16:38.103977+00,0.0.0-dev
gallade-mega,gallade-mega,475,menu_sprite,0475-Mega.png,424c8359a22ebee8e8af5f628d8b46f16eb6f4de,128,128,Bulbagarden Archives,https://archives.bulbagarden.net/media/upload/a/a3/Menu_CP_0475-Mega.png,File:Menu CP 0475-Mega.png,2026-07-21 11:16:38.103977+00,0.0.0-dev
rotom-frost,rotom-frost,479,menu_sprite,0479-Frost.png,4664936781bfdf8e791f267fc147b7ab138afce8,128,128,Bulbagarden Archives,https://archives.bulbagarden.net/media/upload/8/84/Menu_CP_0479-Frost.png,File:Menu CP 0479-Frost.png,2026-07-21 11:16:38.103977+00,0.0.0-dev
rotom-heat,rotom-heat,479,menu_sprite,0479-Heat.png,ed2fb6e8055fc9b7f6ffdcef2fe40c5cf3230058,128,128,Bulbagarden Archives,https://archives.bulbagarden.net/media/upload/f/f2/Menu_CP_0479-Heat.png,File:Menu CP 0479-Heat.png,2026-07-21 11:16:38.103977+00,0.0.0-dev
emboar,emboar,500,menu_sprite,0500.png,bb02bf6fc6fb430c347bf4dc6b675cd56f9aafd4,128,128,Bulbagarden Archives,https://archives.bulbagarden.net/media/upload/e/ee/Menu_CP_0500.png,File:Menu CP 0500.png,2026-07-21 11:16:38.103977+00,0.0.0-dev
liepard,liepard,510,menu_sprite,0510.png,c376ca27790fa4be6b5391742ce3d060eacd07d5,128,128,Bulbagarden Archives,https://archives.bulbagarden.net/media/upload/a/a7/Menu_CP_0510.png,File:Menu CP 0510.png,2026-07-21 11:16:38.103977+00,0.0.0-dev
simisage,simisage,512,menu_sprite,0512.png,13d21e270a6c96648c27df4656775b05869c4a56,128,128,Bulbagarden Archives,https://archives.bulbagarden.net/media/upload/3/30/Menu_CP_0512.png,File:Menu CP 0512.png,2026-07-21 11:16:38.103977+00,0.0.0-dev
audino,audino,531,menu_sprite,0531.png,e08246fd899c10178eff12c0939f344e52db4636,128,128,Bulbagarden Archives,https://archives.bulbagarden.net/media/upload/0/0a/Menu_CP_0531.png,File:Menu CP 0531.png,2026-07-21 11:16:38.103977+00,0.0.0-dev
whimsicott,whimsicott,547,menu_sprite,0547.png,2cc2f4e0c51f099005d7ecfee1841f7e00a1a4b6,128,128,Bulbagarden Archives,https://archives.bulbagarden.net/media/upload/6/69/Menu_CP_0547.png,File:Menu CP 0547.png,2026-07-21 11:16:38.103977+00,0.0.0-dev
krookodile,krookodile,553,menu_sprite,0553.png,7ed7ed570b9a74dfee9fbf5973c29e9b2767170d,128,128,Bulbagarden Archives,https://archives.bulbagarden.net/media/upload/6/66/Menu_CP_0553.png,File:Menu CP 0553.png,2026-07-21 11:16:38.103977+00,0.0.0-dev
chandelure-mega,chandelure-mega,609,menu_sprite,0609-Mega.png,cdf2d4cfda0d8716c6c3bab803949ae09fcd5864,128,128,Bulbagarden Archives,https://archives.bulbagarden.net/media/upload/4/40/Menu_CP_0609-Mega.png,File:Menu CP 0609-Mega.png,2026-07-21 11:16:38.103977+00,0.0.0-dev
chandelure,chandelure,609,menu_sprite,0609.png,ffaccdb7fb180b7f5abda59741f7c367afb4edeb,128,128,Bulbagarden Archives,https://archives.bulbagarden.net/media/upload/2/29/Menu_CP_0609.png,File:Menu CP 0609.png,2026-07-21 11:16:38.103977+00,0.0.0-dev
beartic,beartic,614,menu_sprite,0614.png,c5af9bfb8146ce32014287ea9eaa3c53468175ef,128,128,Bulbagarden Archives,https://archives.bulbagarden.net/media/upload/8/85/Menu_CP_0614.png,File:Menu CP 0614.png,2026-07-21 11:16:38.103977+00,0.0.0-dev
stunfisk-galar,stunfisk-galar,618,menu_sprite,0618-Galar.png,4932bfe7b53a232e6abd319a7e667cbd66355ae5,128,128,Bulbagarden Archives,https://archives.bulbagarden.net/media/upload/2/20/Menu_CP_0618-Galar.png,File:Menu CP 0618-Galar.png,2026-07-21 11:16:38.103977+00,0.0.0-dev
stunfisk,stunfisk,618,menu_sprite,0618.png,f46a320c5f7b7e1b5f961c6be0353d15a22196f6,128,128,Bulbagarden Archives,https://archives.bulbagarden.net/media/upload/e/ed/Menu_CP_0618.png,File:Menu CP 0618.png,2026-07-21 11:16:38.103977+00,0.0.0-dev
delphox,delphox,655,menu_sprite,0655.png,b26442e251681ea7c85437ffbf5e7ac8c46c3a96,128,128,Bulbagarden Archives,https://archives.bulbagarden.net/media/upload/f/f3/Menu_CP_0655.png,File:Menu CP 0655.png,2026-07-21 11:16:38.103977+00,0.0.0-dev
greninja,greninja,658,menu_sprite,0658.png,9607dda02aed91f5fe7b796a03b47eeb77908614,128,128,Bulbagarden Archives,https://archives.bulbagarden.net/media/upload/9/9d/Menu_CP_0658.png,File:Menu CP 0658.png,2026-07-21 11:16:38.103977+00,0.0.0-dev
pangoro,pangoro,675,menu_sprite,0675.png,8e31310260e08cab0349173adfbe1873b65b7ede,128,128,Bulbagarden Archives,https://archives.bulbagarden.net/media/upload/6/68/Menu_CP_0675.png,File:Menu CP 0675.png,2026-07-21 11:16:38.103977+00,0.0.0-dev
aegislash-blade,aegislash-blade,681,menu_sprite,0681-Blade.png,f6de4c7dc97bd1249dbb7bb76ba463819e9294ba,128,128,Bulbagarden Archives,https://archives.bulbagarden.net/media/upload/6/63/Menu_CP_0681-Blade.png,File:Menu CP 0681-Blade.png,2026-07-21 11:16:38.103977+00,0.0.0-dev
aegislash-shield,aegislash-shield,681,menu_sprite,0681.png,ed0f0d43cd56385e4297d65176f100c09e53b6b1,128,128,Bulbagarden Archives,https://archives.bulbagarden.net/media/upload/1/15/Menu_CP_0681.png,File:Menu CP 0681.png,2026-07-21 11:16:38.103977+00,0.0.0-dev
barbaracle,barbaracle,689,menu_sprite,0689.png,f0d3acb5749db420257d95e2379832c58b5dc6a5,128,128,Bulbagarden Archives,https://archives.bulbagarden.net/media/upload/3/3c/Menu_CP_0689.png,File:Menu CP 0689.png,2026-07-21 11:16:38.103977+00,0.0.0-dev
aurorus,aurorus,699,menu_sprite,0699.png,c66fa8aecd95b7ca258dee2caa082fa90be98e47,128,128,Bulbagarden Archives,https://archives.bulbagarden.net/media/upload/6/68/Menu_CP_0699.png,File:Menu CP 0699.png,2026-07-21 11:16:38.103977+00,0.0.0-dev
hawlucha-mega,hawlucha-mega,701,menu_sprite,0701-Mega.png,a322be5c758e823ad2eb82044787adf3a498174b,128,128,Bulbagarden Archives,https://archives.bulbagarden.net/media/upload/c/c3/Menu_CP_0701-Mega.png,File:Menu CP 0701-Mega.png,2026-07-21 11:16:38.103977+00,0.0.0-dev
gourgeist-average,gourgeist-average,711,menu_sprite,0711.png,a67c2e66b211995243a35d26c83dc2976940e06b,128,128,Bulbagarden Archives,https://archives.bulbagarden.net/media/upload/1/1b/Menu_CP_0711.png,File:Menu CP 0711.png,2026-07-21 11:16:38.103977+00,0.0.0-dev
avalugg-hisui,avalugg-hisui,713,menu_sprite,0713-Hisui.png,8c837c5b6f6048a274eb758cbb6ba7d033fed12c,128,128,Bulbagarden Archives,https://archives.bulbagarden.net/media/upload/7/7b/Menu_CP_0713-Hisui.png,File:Menu CP 0713-Hisui.png,2026-07-21 11:16:38.103977+00,0.0.0-dev
lycanroc-midday,lycanroc-midday,745,menu_sprite,0745.png,5aa34eb92dbc1567527683cebbb646282d5dca53,128,128,Bulbagarden Archives,https://archives.bulbagarden.net/media/upload/b/b7/Menu_CP_0745.png,File:Menu CP 0745.png,2026-07-21 11:16:38.103977+00,0.0.0-dev
toxapex,toxapex,748,menu_sprite,0748.png,72fb9736b936d3aead47a8e449ff25773cf867d0,128,128,Bulbagarden Archives,https://archives.bulbagarden.net/media/upload/0/0a/Menu_CP_0748.png,File:Menu CP 0748.png,2026-07-21 11:16:38.103977+00,0.0.0-dev
tsareena,tsareena,763,menu_sprite,0763.png,5bf64111a24eeb2923de6088e7934ff896ce3798,128,128,Bulbagarden Archives,https://archives.bulbagarden.net/media/upload/9/93/Menu_CP_0763.png,File:Menu CP 0763.png,2026-07-21 11:16:38.103977+00,0.0.0-dev
oranguru,oranguru,765,menu_sprite,0765.png,be9e6c7bd4501f18cd2ec886a119ec44a82f2842,128,128,Bulbagarden Archives,https://archives.bulbagarden.net/media/upload/e/e4/Menu_CP_0765.png,File:Menu CP 0765.png,2026-07-21 11:16:38.103977+00,0.0.0-dev
corviknight,corviknight,823,menu_sprite,0823.png,03423984e6f6b289bfad0d6a0641924e77a24151,128,128,Bulbagarden Archives,https://archives.bulbagarden.net/media/upload/7/73/Menu_CP_0823.png,File:Menu CP 0823.png,2026-07-21 11:16:38.103977+00,0.0.0-dev
flapple,flapple,841,menu_sprite,0841.png,8911b0a7f0467db82e6d75df8602067776d2ac75,128,128,Bulbagarden Archives,https://archives.bulbagarden.net/media/upload/2/22/Menu_CP_0841.png,File:Menu CP 0841.png,2026-07-21 11:16:38.103977+00,0.0.0-dev
sandaconda,sandaconda,844,menu_sprite,0844.png,3675eacfcd080ce1d5c2bc2412d3c736241e08d1,128,128,Bulbagarden Archives,https://archives.bulbagarden.net/media/upload/5/5c/Menu_CP_0844.png,File:Menu CP 0844.png,2026-07-21 11:16:38.103977+00,0.0.0-dev
falinks-mega,falinks-mega,870,menu_sprite,0870-Mega.png,0f9cc52040402461a32799c5a9125dbfe569ce1c,128,128,Bulbagarden Archives,https://archives.bulbagarden.net/media/upload/c/c2/Menu_CP_0870-Mega.png,File:Menu CP 0870-Mega.png,2026-07-21 11:16:38.103977+00,0.0.0-dev
wyrdeer,wyrdeer,899,menu_sprite,0899.png,4e61e2657ae8b19ea7816a7ca1d350522f0a539d,128,128,Bulbagarden Archives,https://archives.bulbagarden.net/media/upload/4/43/Menu_CP_0899.png,File:Menu CP 0899.png,2026-07-21 11:16:38.103977+00,0.0.0-dev
sneasler,sneasler,903,menu_sprite,0903.png,a4b1f93451c761a6bbf3c0a2966f3b29573d5ee6,128,128,Bulbagarden Archives,https://archives.bulbagarden.net/media/upload/7/7b/Menu_CP_0903.png,File:Menu CP 0903.png,2026-07-21 11:16:38.103977+00,0.0.0-dev
skeledirge,skeledirge,911,menu_sprite,0911.png,3b9180c32a3f5b5e5b139f796aeaac9d5e00ee2a,128,128,Bulbagarden Archives,https://archives.bulbagarden.net/media/upload/0/03/Menu_CP_0911.png,File:Menu CP 0911.png,2026-07-21 11:16:38.103977+00,0.0.0-dev
garganacl,garganacl,934,menu_sprite,0934.png,e9652341bbef199b299965a1e9fa668986692128,128,128,Bulbagarden Archives,https://archives.bulbagarden.net/media/upload/0/0c/Menu_CP_0934.png,File:Menu CP 0934.png,2026-07-21 11:16:38.103977+00,0.0.0-dev
scovillain-mega,scovillain-mega,952,menu_sprite,0952-Mega.png,e1e23a3191a2b8da121c809e4f507d3e92f07104,128,128,Bulbagarden Archives,https://archives.bulbagarden.net/media/upload/5/52/Menu_CP_0952-Mega.png,File:Menu CP 0952-Mega.png,2026-07-21 11:16:38.103977+00,0.0.0-dev
scovillain,scovillain,952,menu_sprite,0952.png,fc2284fbbc25a721ea485ac8c59c343f38e9140c,128,128,Bulbagarden Archives,https://archives.bulbagarden.net/media/upload/d/d8/Menu_CP_0952.png,File:Menu CP 0952.png,2026-07-21 11:16:38.103977+00,0.0.0-dev
kingambit,kingambit,983,menu_sprite,0983.png,fddc4f4de9295d8016dd41159ada01439b754a2e,128,128,Bulbagarden Archives,https://archives.bulbagarden.net/media/upload/a/a6/Menu_CP_0983.png,File:Menu CP 0983.png,2026-07-21 11:16:38.103977+00,0.0.0-dev
gholdengo,gholdengo,1000,menu_sprite,1000.png,d8e3aeb84b786bba6a20e3645d3ee7473ef1b1c6,128,128,Bulbagarden Archives,https://archives.bulbagarden.net/media/upload/a/ad/Menu_CP_1000.png,File:Menu CP 1000.png,2026-07-21 11:16:38.103977+00,0.0.0-dev
venusaur-mega,venusaur-mega,3,menu_sprite,0003-Mega.png,70e9fd9a938e4116655c77400ee914a0e57ea303,128,128,Bulbagarden Archives,https://archives.bulbagarden.net/media/upload/d/dc/Menu_CP_0003-Mega.png,File:Menu CP 0003-Mega.png,2026-07-21 11:16:38.103977+00,0.0.0-dev
venusaur,venusaur,3,menu_sprite,0003.png,5ce88a644d1c7388732a06a26775cf60841951c1,128,128,Bulbagarden Archives,https://archives.bulbagarden.net/media/upload/d/dd/Menu_CP_0003.png,File:Menu CP 0003.png,2026-07-21 11:16:38.103977+00,0.0.0-dev
blastoise,blastoise,9,menu_sprite,0009.png,e053f4188ad6ce3f6009bc5b15a04ff022630f99,128,128,Bulbagarden Archives,https://archives.bulbagarden.net/media/upload/4/40/Menu_CP_0009.png,File:Menu CP 0009.png,2026-07-21 11:16:38.103977+00,0.0.0-dev
pikachu,pikachu,25,menu_sprite,0025.png,faafcf4da1e034db2abcc412cc92e003804e2f91,128,128,Bulbagarden Archives,https://archives.bulbagarden.net/media/upload/e/e9/Menu_CP_0025.png,File:Menu CP 0025.png,2026-07-21 11:16:38.103977+00,0.0.0-dev
raichu-mega-y,raichu-mega-y,26,menu_sprite,0026-Mega Y.png,b3eaca2a8341fb0111c3b058750c05beb5db57a7,128,128,Bulbagarden Archives,https://archives.bulbagarden.net/media/upload/5/5c/Menu_CP_0026-Mega_Y.png,File:Menu CP 0026-Mega Y.png,2026-07-21 11:16:38.103977+00,0.0.0-dev
vileplume,vileplume,45,menu_sprite,0045.png,f81ab1ca7daab03f9946001ba3011d076c35b107,128,128,Bulbagarden Archives,https://archives.bulbagarden.net/media/upload/4/4c/Menu_CP_0045.png,File:Menu CP 0045.png,2026-07-21 11:16:38.103977+00,0.0.0-dev
slowbro-mega,slowbro-mega,80,menu_sprite,0080-Mega.png,88078e01f6993f04f47095583c798191cfce661c,128,128,Bulbagarden Archives,https://archives.bulbagarden.net/media/upload/a/a4/Menu_CP_0080-Mega.png,File:Menu CP 0080-Mega.png,2026-07-21 11:16:38.103977+00,0.0.0-dev
slowbro,slowbro,80,menu_sprite,0080.png,ff21a77ee9632cf50e875b1ae6c937290ac42431,128,128,Bulbagarden Archives,https://archives.bulbagarden.net/media/upload/5/5f/Menu_CP_0080.png,File:Menu CP 0080.png,2026-07-21 11:16:38.103977+00,0.0.0-dev
gengar-mega,gengar-mega,94,menu_sprite,0094-Mega.png,dfff8950aded3bb15308ee2e38193d7a7fd5f0a4,128,128,Bulbagarden Archives,https://archives.bulbagarden.net/media/upload/1/1f/Menu_CP_0094-Mega.png,File:Menu CP 0094-Mega.png,2026-07-21 11:16:38.103977+00,0.0.0-dev
tauros-paldea-aqua-breed,tauros-paldea-aqua-breed,128,menu_sprite,0128-Paldea Aqua.png,1b65679380a65ea532fae9c2129461cb486e6e3a,128,128,Bulbagarden Archives,https://archives.bulbagarden.net/media/upload/7/72/Menu_CP_0128-Paldea_Aqua.png,File:Menu CP 0128-Paldea Aqua.png,2026-07-21 11:16:38.103977+00,0.0.0-dev
tauros,tauros,128,menu_sprite,0128.png,046a84d0717f6e322e10fba6762ae32b4c56f92b,128,128,Bulbagarden Archives,https://archives.bulbagarden.net/media/upload/9/98/Menu_CP_0128.png,File:Menu CP 0128.png,2026-07-21 11:16:38.103977+00,0.0.0-dev
ditto,ditto,132,menu_sprite,0132.png,edbb6d41eba4647322617765af404b30504df312,128,128,Bulbagarden Archives,https://archives.bulbagarden.net/media/upload/e/ea/Menu_CP_0132.png,File:Menu CP 0132.png,2026-07-21 11:16:38.103977+00,0.0.0-dev
aerodactyl,aerodactyl,142,menu_sprite,0142.png,544ca08a9cdcf27b640f761563d194ab81625eba,128,128,Bulbagarden Archives,https://archives.bulbagarden.net/media/upload/0/05/Menu_CP_0142.png,File:Menu CP 0142.png,2026-07-21 11:16:38.103977+00,0.0.0-dev
typhlosion,typhlosion,157,menu_sprite,0157.png,79a3e6cf661e958eb636294e4723dba8c98a519b,128,128,Bulbagarden Archives,https://archives.bulbagarden.net/media/upload/6/6f/Menu_CP_0157.png,File:Menu CP 0157.png,2026-07-21 11:16:38.103977+00,0.0.0-dev
feraligatr-mega,feraligatr-mega,160,menu_sprite,0160-Mega.png,127012778e5e454f3249490ca933942252b6c9d0,128,128,Bulbagarden Archives,https://archives.bulbagarden.net/media/upload/2/2b/Menu_CP_0160-Mega.png,File:Menu CP 0160-Mega.png,2026-07-21 11:16:38.103977+00,0.0.0-dev
ariados,ariados,168,menu_sprite,0168.png,ec55c4dcaba093e19f12e20e0f4fc1279133c60f,128,128,Bulbagarden Archives,https://archives.bulbagarden.net/media/upload/0/09/Menu_CP_0168.png,File:Menu CP 0168.png,2026-07-21 11:16:38.103977+00,0.0.0-dev
ampharos-mega,ampharos-mega,181,menu_sprite,0181-Mega.png,1b5e9b25e3f1df58b7c8d4f58329023dc0f64409,128,128,Bulbagarden Archives,https://archives.bulbagarden.net/media/upload/b/ba/Menu_CP_0181-Mega.png,File:Menu CP 0181-Mega.png,2026-07-21 11:16:38.103977+00,0.0.0-dev
ampharos,ampharos,181,menu_sprite,0181.png,ed201248daa4e42486a5293e98d551bec01af173,128,128,Bulbagarden Archives,https://archives.bulbagarden.net/media/upload/7/70/Menu_CP_0181.png,File:Menu CP 0181.png,2026-07-21 11:16:38.103977+00,0.0.0-dev
steelix,steelix,208,menu_sprite,0208.png,36576d625fd35bb4ae20178e39aa28ffc5023e83,128,128,Bulbagarden Archives,https://archives.bulbagarden.net/media/upload/2/27/Menu_CP_0208.png,File:Menu CP 0208.png,2026-07-21 11:16:38.103977+00,0.0.0-dev
scizor,scizor,212,menu_sprite,0212.png,31bdf852b361f9c2fee0d4a01bd76951d27d5dc6,128,128,Bulbagarden Archives,https://archives.bulbagarden.net/media/upload/3/34/Menu_CP_0212.png,File:Menu CP 0212.png,2026-07-21 11:16:38.103977+00,0.0.0-dev
heracross,heracross,214,menu_sprite,0214.png,9c4e801bb5a5f910cf45423502f8b8610f82088e,128,128,Bulbagarden Archives,https://archives.bulbagarden.net/media/upload/2/2c/Menu_CP_0214.png,File:Menu CP 0214.png,2026-07-21 11:16:38.103977+00,0.0.0-dev
pelipper,pelipper,279,menu_sprite,0279.png,baefda987629d5941315d5a25cfe541e08355aa2,128,128,Bulbagarden Archives,https://archives.bulbagarden.net/media/upload/c/c5/Menu_CP_0279.png,File:Menu CP 0279.png,2026-07-21 11:16:38.103977+00,0.0.0-dev
gardevoir,gardevoir,282,menu_sprite,0282.png,c166a7e77b143b9acb9227db0847fea7e54152d7,128,128,Bulbagarden Archives,https://archives.bulbagarden.net/media/upload/4/4c/Menu_CP_0282.png,File:Menu CP 0282.png,2026-07-21 11:16:38.103977+00,0.0.0-dev
sableye-mega,sableye-mega,302,menu_sprite,0302-Mega.png,4c307c92c912571009c21ca45f09b036924aa679,128,128,Bulbagarden Archives,https://archives.bulbagarden.net/media/upload/1/18/Menu_CP_0302-Mega.png,File:Menu CP 0302-Mega.png,2026-07-21 11:16:38.103977+00,0.0.0-dev
sableye,sableye,302,menu_sprite,0302.png,ec371621191075dc17fbb7db41cb8c616c3d4380,128,128,Bulbagarden Archives,https://archives.bulbagarden.net/media/upload/3/3d/Menu_CP_0302.png,File:Menu CP 0302.png,2026-07-21 11:16:38.103977+00,0.0.0-dev
aggron-mega,aggron-mega,306,menu_sprite,0306-Mega.png,fa16bca42afee03fed29d892c4718fe8f48d1ad5,128,128,Bulbagarden Archives,https://archives.bulbagarden.net/media/upload/f/ff/Menu_CP_0306-Mega.png,File:Menu CP 0306-Mega.png,2026-07-21 11:16:38.103977+00,0.0.0-dev
medicham,medicham,308,menu_sprite,0308.png,f66628a9e1c657aba60c23fd36c5135de7ea2918,128,128,Bulbagarden Archives,https://archives.bulbagarden.net/media/upload/e/e8/Menu_CP_0308.png,File:Menu CP 0308.png,2026-07-21 11:16:38.103977+00,0.0.0-dev
manectric-mega,manectric-mega,310,menu_sprite,0310-Mega.png,c70e213f3db76884161481c0dc01252542b737b2,128,128,Bulbagarden Archives,https://archives.bulbagarden.net/media/upload/3/3b/Menu_CP_0310-Mega.png,File:Menu CP 0310-Mega.png,2026-07-21 11:16:38.103977+00,0.0.0-dev
altaria,altaria,334,menu_sprite,0334.png,8e394b102c27a818ec85440792b3e9ec683c2ef9,128,128,Bulbagarden Archives,https://archives.bulbagarden.net/media/upload/a/af/Menu_CP_0334.png,File:Menu CP 0334.png,2026-07-21 11:16:38.103977+00,0.0.0-dev
glalie-mega,glalie-mega,362,menu_sprite,0362-Mega.png,08de2aefaac8a3a45c82261b988c5899aff4bcfc,128,128,Bulbagarden Archives,https://archives.bulbagarden.net/media/upload/f/fb/Menu_CP_0362-Mega.png,File:Menu CP 0362-Mega.png,2026-07-21 11:16:38.103977+00,0.0.0-dev
metagross,metagross,376,menu_sprite,0376.png,73f21564bbedfb5c3614e0b36eb35ff8ad31384d,128,128,Bulbagarden Archives,https://archives.bulbagarden.net/media/upload/0/0e/Menu_CP_0376.png,File:Menu CP 0376.png,2026-07-21 11:16:38.103977+00,0.0.0-dev
torterra,torterra,389,menu_sprite,0389.png,b7c49b78c103dd69ce1483996ee46cb65a6ab19b,128,128,Bulbagarden Archives,https://archives.bulbagarden.net/media/upload/a/a6/Menu_CP_0389.png,File:Menu CP 0389.png,2026-07-21 11:16:38.103977+00,0.0.0-dev
staraptor-mega,staraptor-mega,398,menu_sprite,0398-Mega.png,25e139b76c2ad28180d67beb6a82ad2a4c9d2d94,128,128,Bulbagarden Archives,https://archives.bulbagarden.net/media/upload/b/b0/Menu_CP_0398-Mega.png,File:Menu CP 0398-Mega.png,2026-07-21 11:16:38.103977+00,0.0.0-dev
roserade,roserade,407,menu_sprite,0407.png,f21d1de925fa6c8071295e120f939215135be1e0,128,128,Bulbagarden Archives,https://archives.bulbagarden.net/media/upload/6/6f/Menu_CP_0407.png,File:Menu CP 0407.png,2026-07-21 11:16:38.103977+00,0.0.0-dev
rampardos,rampardos,409,menu_sprite,0409.png,ee05d5962c1abe7660fb09626c266899c4618296,128,128,Bulbagarden Archives,https://archives.bulbagarden.net/media/upload/7/78/Menu_CP_0409.png,File:Menu CP 0409.png,2026-07-21 11:16:38.103977+00,0.0.0-dev
bastiodon,bastiodon,411,menu_sprite,0411.png,3ed149b85d8ac1dd16d5d52e401745d9368880e5,128,128,Bulbagarden Archives,https://archives.bulbagarden.net/media/upload/7/7c/Menu_CP_0411.png,File:Menu CP 0411.png,2026-07-21 11:16:38.103977+00,0.0.0-dev
lopunny-mega,lopunny-mega,428,menu_sprite,0428-Mega.png,fcf728439e03415018e328993f068ba914b0de30,128,128,Bulbagarden Archives,https://archives.bulbagarden.net/media/upload/2/24/Menu_CP_0428-Mega.png,File:Menu CP 0428-Mega.png,2026-07-21 11:16:38.103977+00,0.0.0-dev
spiritomb,spiritomb,442,menu_sprite,0442.png,17e1cdcfecf1ff6a4a85b158a526acd6ac536fd5,128,128,Bulbagarden Archives,https://archives.bulbagarden.net/media/upload/6/63/Menu_CP_0442.png,File:Menu CP 0442.png,2026-07-21 11:16:38.103977+00,0.0.0-dev
lucario,lucario,448,menu_sprite,0448.png,7a1fec83be51efc015f0f4ad58093565ed537cf9,128,128,Bulbagarden Archives,https://archives.bulbagarden.net/media/upload/5/57/Menu_CP_0448.png,File:Menu CP 0448.png,2026-07-21 11:16:38.103977+00,0.0.0-dev
abomasnow-mega,abomasnow-mega,460,menu_sprite,0460-Mega.png,630fee6b84c86e84aa3e84c5757116a9bc53b445,128,128,Bulbagarden Archives,https://archives.bulbagarden.net/media/upload/7/77/Menu_CP_0460-Mega.png,File:Menu CP 0460-Mega.png,2026-07-21 11:16:38.103977+00,0.0.0-dev
abomasnow,abomasnow,460,menu_sprite,0460.png,c1a35fa32f45c1914a5d9503be40edf3fc7d2a7c,128,128,Bulbagarden Archives,https://archives.bulbagarden.net/media/upload/2/21/Menu_CP_0460.png,File:Menu CP 0460.png,2026-07-21 11:16:38.103977+00,0.0.0-dev
rhyperior,rhyperior,464,menu_sprite,0464.png,3c7620fc64945a6975429fe283dfbaded4754e11,128,128,Bulbagarden Archives,https://archives.bulbagarden.net/media/upload/2/25/Menu_CP_0464.png,File:Menu CP 0464.png,2026-07-21 11:16:38.103977+00,0.0.0-dev
glaceon,glaceon,471,menu_sprite,0471.png,ff7087ddfa87ada346a8ed4ec7ff9b3de7eda554,128,128,Bulbagarden Archives,https://archives.bulbagarden.net/media/upload/1/1f/Menu_CP_0471.png,File:Menu CP 0471.png,2026-07-21 11:16:38.103977+00,0.0.0-dev
froslass-mega,froslass-mega,478,menu_sprite,0478-Mega.png,55a0c0a8716342ccee36e0a6977aee0db152a592,128,128,Bulbagarden Archives,https://archives.bulbagarden.net/media/upload/a/ab/Menu_CP_0478-Mega.png,File:Menu CP 0478-Mega.png,2026-07-21 11:16:38.103977+00,0.0.0-dev
rotom-wash,rotom-wash,479,menu_sprite,0479-Wash.png,4cd8e8bed8958103802d442d6906f53e71435aec,128,128,Bulbagarden Archives,https://archives.bulbagarden.net/media/upload/2/22/Menu_CP_0479-Wash.png,File:Menu CP 0479-Wash.png,2026-07-21 11:16:38.103977+00,0.0.0-dev
serperior,serperior,497,menu_sprite,0497.png,7159405049bf503af45c2f0d1fe0605f8d2ac947,128,128,Bulbagarden Archives,https://archives.bulbagarden.net/media/upload/a/a9/Menu_CP_0497.png,File:Menu CP 0497.png,2026-07-21 11:16:38.103977+00,0.0.0-dev
emboar-mega,emboar-mega,500,menu_sprite,0500-Mega.png,641251f5d2034dd6aa1b906db4e84cab5a121328,128,128,Bulbagarden Archives,https://archives.bulbagarden.net/media/upload/6/6a/Menu_CP_0500-Mega.png,File:Menu CP 0500-Mega.png,2026-07-21 11:16:38.103977+00,0.0.0-dev
watchog,watchog,505,menu_sprite,0505.png,87c20a28d9c3ad915e3e78b4c69fdec832a9059a,128,128,Bulbagarden Archives,https://archives.bulbagarden.net/media/upload/a/a7/Menu_CP_0505.png,File:Menu CP 0505.png,2026-07-21 11:16:38.103977+00,0.0.0-dev
simipour,simipour,516,menu_sprite,0516.png,2ae8359c1c4da5e0a2537d610ee9005d39a36681,128,128,Bulbagarden Archives,https://archives.bulbagarden.net/media/upload/1/17/Menu_CP_0516.png,File:Menu CP 0516.png,2026-07-21 11:16:38.103977+00,0.0.0-dev
excadrill-mega,excadrill-mega,530,menu_sprite,0530-Mega.png,0bc1b3d6d20687a9205a114fec8a6a7f62dacb97,128,128,Bulbagarden Archives,https://archives.bulbagarden.net/media/upload/b/b1/Menu_CP_0530-Mega.png,File:Menu CP 0530-Mega.png,2026-07-21 11:16:38.103977+00,0.0.0-dev
audino-mega,audino-mega,531,menu_sprite,0531-Mega.png,1897dd38ba0618ccb0523c7964ec09e6268e7913,128,128,Bulbagarden Archives,https://archives.bulbagarden.net/media/upload/8/84/Menu_CP_0531-Mega.png,File:Menu CP 0531-Mega.png,2026-07-21 11:16:38.103977+00,0.0.0-dev
scolipede,scolipede,545,menu_sprite,0545.png,23ca66b4f4f1988c619f2e28603a06dabb8dd07d,128,128,Bulbagarden Archives,https://archives.bulbagarden.net/media/upload/f/ff/Menu_CP_0545.png,File:Menu CP 0545.png,2026-07-21 11:16:38.103977+00,0.0.0-dev
scrafty,scrafty,560,menu_sprite,0560.png,1589f18012d1a7ae8c7e4294909a87f9e4377ef0,128,128,Bulbagarden Archives,https://archives.bulbagarden.net/media/upload/3/34/Menu_CP_0560.png,File:Menu CP 0560.png,2026-07-21 11:16:38.103977+00,0.0.0-dev
vanilluxe,vanilluxe,584,menu_sprite,0584.png,7d22dd539ee3c9cf43169f7c0a931e9ed8e2d63e,128,128,Bulbagarden Archives,https://archives.bulbagarden.net/media/upload/6/68/Menu_CP_0584.png,File:Menu CP 0584.png,2026-07-21 11:16:38.103977+00,0.0.0-dev
emolga,emolga,587,menu_sprite,0587.png,c7678b4b5ce140ca1e47210fe58d4e794239d6b9,128,128,Bulbagarden Archives,https://archives.bulbagarden.net/media/upload/c/c3/Menu_CP_0587.png,File:Menu CP 0587.png,2026-07-21 11:16:38.103977+00,0.0.0-dev
eelektross,eelektross,604,menu_sprite,0604.png,8ede28d8d7fff210af7afd462c10bab31c605f54,128,128,Bulbagarden Archives,https://archives.bulbagarden.net/media/upload/3/32/Menu_CP_0604.png,File:Menu CP 0604.png,2026-07-21 11:16:38.103977+00,0.0.0-dev
golurk-mega,golurk-mega,623,menu_sprite,0623-Mega.png,89d15a25a294ee0e16d5d08289d2fc5702c36317,128,128,Bulbagarden Archives,https://archives.bulbagarden.net/media/upload/b/ba/Menu_CP_0623-Mega.png,File:Menu CP 0623-Mega.png,2026-07-21 11:16:38.103977+00,0.0.0-dev
golurk,golurk,623,menu_sprite,0623.png,1bd18c458dae8b909d77aac5518c0e644f6a432e,128,128,Bulbagarden Archives,https://archives.bulbagarden.net/media/upload/6/6f/Menu_CP_0623.png,File:Menu CP 0623.png,2026-07-21 11:16:38.103977+00,0.0.0-dev
hydreigon,hydreigon,635,menu_sprite,0635.png,05f65c56aa7659e828b929c0223f2455f2fba1fc,128,128,Bulbagarden Archives,https://archives.bulbagarden.net/media/upload/6/6e/Menu_CP_0635.png,File:Menu CP 0635.png,2026-07-21 11:16:38.103977+00,0.0.0-dev
chesnaught,chesnaught,652,menu_sprite,0652.png,aceb6462146a49b1c316be3fe10295d68f5bfc49,128,128,Bulbagarden Archives,https://archives.bulbagarden.net/media/upload/a/a8/Menu_CP_0652.png,File:Menu CP 0652.png,2026-07-21 11:16:38.103977+00,0.0.0-dev
delphox-mega,delphox-mega,655,menu_sprite,0655-Mega.png,bf963ebda394745c3d7dc07edcb7a9857c21ac2f,128,128,Bulbagarden Archives,https://archives.bulbagarden.net/media/upload/6/65/Menu_CP_0655-Mega.png,File:Menu CP 0655-Mega.png,2026-07-21 11:16:38.103977+00,0.0.0-dev
talonflame,talonflame,663,menu_sprite,0663.png,6bfb9ed855c37f855f5ea2496fefd9cbf3901154,128,128,Bulbagarden Archives,https://archives.bulbagarden.net/media/upload/5/50/Menu_CP_0663.png,File:Menu CP 0663.png,2026-07-21 11:16:38.103977+00,0.0.0-dev
floette-eternal,floette-eternal,670,menu_sprite,0670-Eternal.png,af66a9031067ef2ae052ab72455e324442a5ba12,128,128,Bulbagarden Archives,https://archives.bulbagarden.net/media/upload/1/1e/Menu_CP_0670-Eternal.png,File:Menu CP 0670-Eternal.png,2026-07-21 11:16:38.103977+00,0.0.0-dev
florges,florges,671,menu_sprite,0671.png,790880fca5a792558c362f13c03f44e6dc104176,128,128,Bulbagarden Archives,https://archives.bulbagarden.net/media/upload/6/62/Menu_CP_0671.png,File:Menu CP 0671.png,2026-07-21 11:16:38.103977+00,0.0.0-dev
furfrou,furfrou,676,menu_sprite,0676.png,d013790fbc49758511b26ad25a4134d6b7afd11b,128,128,Bulbagarden Archives,https://archives.bulbagarden.net/media/upload/6/6d/Menu_CP_0676.png,File:Menu CP 0676.png,2026-07-21 11:16:38.103977+00,0.0.0-dev
barbaracle-mega,barbaracle-mega,689,menu_sprite,0689-Mega.png,193073a45a29f9f9d25e25a79c23990a2a283648,128,128,Bulbagarden Archives,https://archives.bulbagarden.net/media/upload/f/f2/Menu_CP_0689-Mega.png,File:Menu CP 0689-Mega.png,2026-07-21 11:16:38.103977+00,0.0.0-dev
dragalge,dragalge,691,menu_sprite,0691.png,fc1b9e84bd1a4ff43e566d9d005c909cd9ec5563,128,128,Bulbagarden Archives,https://archives.bulbagarden.net/media/upload/7/7d/Menu_CP_0691.png,File:Menu CP 0691.png,2026-07-21 11:16:38.103977+00,0.0.0-dev
tyrantrum,tyrantrum,697,menu_sprite,0697.png,21cb2c2708395c570e1520270b12f602c2ca9686,128,128,Bulbagarden Archives,https://archives.bulbagarden.net/media/upload/e/e2/Menu_CP_0697.png,File:Menu CP 0697.png,2026-07-21 11:16:38.103977+00,0.0.0-dev
dedenne,dedenne,702,menu_sprite,0702.png,59daa10b868e99321e62c39e5b865c306d635a13,128,128,Bulbagarden Archives,https://archives.bulbagarden.net/media/upload/c/c5/Menu_CP_0702.png,File:Menu CP 0702.png,2026-07-21 11:16:38.103977+00,0.0.0-dev
goodra-hisui,goodra-hisui,706,menu_sprite,0706-Hisui.png,f6677f19faa155f5b08e61b9294f5ad8d14f31f9,128,128,Bulbagarden Archives,https://archives.bulbagarden.net/media/upload/3/35/Menu_CP_0706-Hisui.png,File:Menu CP 0706-Hisui.png,2026-07-21 11:16:38.103977+00,0.0.0-dev
gourgeist-super,gourgeist-super,711,menu_sprite,0711-Jumbo.png,aca8761447299d77368d94a844a30361faaa6b7a,128,128,Bulbagarden Archives,https://archives.bulbagarden.net/media/upload/7/72/Menu_CP_0711-Jumbo.png,File:Menu CP 0711-Jumbo.png,2026-07-21 11:16:38.103977+00,0.0.0-dev
toucannon,toucannon,733,menu_sprite,0733.png,f9217ba47e1bddac6bd9848b44b44ead70f42a32,128,128,Bulbagarden Archives,https://archives.bulbagarden.net/media/upload/4/4e/Menu_CP_0733.png,File:Menu CP 0733.png,2026-07-21 11:16:38.103977+00,0.0.0-dev
crabominable-mega,crabominable-mega,740,menu_sprite,0740-Mega.png,e3524e5c4ba271386fb956e9072a196669ee9ea4,128,128,Bulbagarden Archives,https://archives.bulbagarden.net/media/upload/f/f7/Menu_CP_0740-Mega.png,File:Menu CP 0740-Mega.png,2026-07-21 11:16:38.103977+00,0.0.0-dev
crabominable,crabominable,740,menu_sprite,0740.png,f29cdedf597de10af6ecf027c425562679360dee,128,128,Bulbagarden Archives,https://archives.bulbagarden.net/media/upload/3/34/Menu_CP_0740.png,File:Menu CP 0740.png,2026-07-21 11:16:38.103977+00,0.0.0-dev
lycanroc-midnight,lycanroc-midnight,745,menu_sprite,0745-Midnight.png,6d1e5c8496d5f64c02d0605a2ead8f34d2e99546,128,128,Bulbagarden Archives,https://archives.bulbagarden.net/media/upload/9/92/Menu_CP_0745-Midnight.png,File:Menu CP 0745-Midnight.png,2026-07-21 11:16:38.103977+00,0.0.0-dev
araquanid,araquanid,752,menu_sprite,0752.png,d53d6f8d67c15c9b4949580f044c12bc59cd093c,128,128,Bulbagarden Archives,https://archives.bulbagarden.net/media/upload/e/e7/Menu_CP_0752.png,File:Menu CP 0752.png,2026-07-21 11:16:38.103977+00,0.0.0-dev
polteageist,polteageist,855,menu_sprite,0855.png,47194585c9b325e313a8060a7f43b9270fc8b4d0,128,128,Bulbagarden Archives,https://archives.bulbagarden.net/media/upload/3/36/Menu_CP_0855.png,File:Menu CP 0855.png,2026-07-21 11:16:38.103977+00,0.0.0-dev
grimmsnarl,grimmsnarl,861,menu_sprite,0861.png,0906f5d67b1251e34b8bf355cfaa7ac64e1652fe,128,128,Bulbagarden Archives,https://archives.bulbagarden.net/media/upload/4/4e/Menu_CP_0861.png,File:Menu CP 0861.png,2026-07-21 11:16:38.103977+00,0.0.0-dev
alcremie,alcremie,869,menu_sprite,0869.png,d3c370bdee3ca287f970fcd94d0b04cc5feec0d1,128,128,Bulbagarden Archives,https://archives.bulbagarden.net/media/upload/b/b2/Menu_CP_0869.png,File:Menu CP 0869.png,2026-07-21 11:16:38.103977+00,0.0.0-dev
morpeko-full-belly,morpeko-full-belly,877,menu_sprite,0877.png,66b22e36856629feed968828ed5bb0b3cb5c2037,128,128,Bulbagarden Archives,https://archives.bulbagarden.net/media/upload/b/b2/Menu_CP_0877.png,File:Menu CP 0877.png,2026-07-21 11:16:38.103977+00,0.0.0-dev
dragapult,dragapult,887,menu_sprite,0887.png,d83e96ea4f917bf6d6853a980ba6db9468ca80f8,128,128,Bulbagarden Archives,https://archives.bulbagarden.net/media/upload/a/a9/Menu_CP_0887.png,File:Menu CP 0887.png,2026-07-21 11:16:38.103977+00,0.0.0-dev
basculegion-female,basculegion-female,902,menu_sprite,0902-Female.png,558754deece6d701503c03a78f33db16d7ce7aa7,128,128,Bulbagarden Archives,https://archives.bulbagarden.net/media/upload/8/8f/Menu_CP_0902-Female.png,File:Menu CP 0902-Female.png,2026-07-21 11:16:38.103977+00,0.0.0-dev
maushold-family-of-three,maushold-family-of-three,925,menu_sprite,0925-Three.png,18a6cf5b6269f140eaf1c0b09fab965211caeb9a,128,128,Bulbagarden Archives,https://archives.bulbagarden.net/media/upload/0/00/Menu_CP_0925-Three.png,File:Menu CP 0925-Three.png,2026-07-21 11:16:38.103977+00,0.0.0-dev
maushold-family-of-four,maushold-family-of-four,925,menu_sprite,0925.png,e05b53c7908b85277d3cb83cab22eb0dd5669d35,128,128,Bulbagarden Archives,https://archives.bulbagarden.net/media/upload/5/52/Menu_CP_0925.png,File:Menu CP 0925.png,2026-07-21 11:16:38.103977+00,0.0.0-dev
armarouge,armarouge,936,menu_sprite,0936.png,0938b9b4c0b637c7b25e6e0ab4b4e985b309da00,128,128,Bulbagarden Archives,https://archives.bulbagarden.net/media/upload/0/04/Menu_CP_0936.png,File:Menu CP 0936.png,2026-07-21 11:16:38.103977+00,0.0.0-dev
tinkaton,tinkaton,959,menu_sprite,0959.png,616328ec71b96f4501428a046934f81fc16417b1,128,128,Bulbagarden Archives,https://archives.bulbagarden.net/media/upload/d/d3/Menu_CP_0959.png,File:Menu CP 0959.png,2026-07-21 11:16:38.103977+00,0.0.0-dev
palafin-hero,palafin-hero,964,menu_sprite,0964-Hero.png,66bc9ffd03651f282cb3f168cefab53086b6cc4d,128,128,Bulbagarden Archives,https://archives.bulbagarden.net/media/upload/7/70/Menu_CP_0964-Hero.png,File:Menu CP 0964-Hero.png,2026-07-21 11:16:38.103977+00,0.0.0-dev
glimmora-mega,glimmora-mega,970,menu_sprite,0970-Mega.png,c79bd9d380479d7524bcbb4425d64ed26c415080,128,128,Bulbagarden Archives,https://archives.bulbagarden.net/media/upload/3/3b/Menu_CP_0970-Mega.png,File:Menu CP 0970-Mega.png,2026-07-21 11:16:38.103977+00,0.0.0-dev
annihilape,annihilape,979,menu_sprite,0979.png,d9c69ae2981fae62c736f061acbaa99015d4ca85,128,128,Bulbagarden Archives,https://archives.bulbagarden.net/media/upload/0/09/Menu_CP_0979.png,File:Menu CP 0979.png,2026-07-21 11:16:38.103977+00,0.0.0-dev
farigiraf,farigiraf,981,menu_sprite,0981.png,466037c32fc99f4c2f7610ac99b404d37ff05a64,128,128,Bulbagarden Archives,https://archives.bulbagarden.net/media/upload/8/8b/Menu_CP_0981.png,File:Menu CP 0981.png,2026-07-21 11:16:38.103977+00,0.0.0-dev
charizard-mega-x,charizard-mega-x,6,menu_sprite,0006-Mega X.png,b7e72f352a497fad3e175e34611cefe6669eadb0,128,128,Bulbagarden Archives,https://archives.bulbagarden.net/media/upload/f/fb/Menu_CP_0006-Mega_X.png,File:Menu CP 0006-Mega X.png,2026-07-21 11:16:38.103977+00,0.0.0-dev
charizard-mega-y,charizard-mega-y,6,menu_sprite,0006-Mega Y.png,09082c368fa784264a2633ea51499d951ad20647,128,128,Bulbagarden Archives,https://archives.bulbagarden.net/media/upload/3/3d/Menu_CP_0006-Mega_Y.png,File:Menu CP 0006-Mega Y.png,2026-07-21 11:16:38.103977+00,0.0.0-dev
charizard,charizard,6,menu_sprite,0006.png,53981498e142da3df86940322aa3fce7b1c8983a,128,128,Bulbagarden Archives,https://archives.bulbagarden.net/media/upload/f/f7/Menu_CP_0006.png,File:Menu CP 0006.png,2026-07-21 11:16:38.103977+00,0.0.0-dev
beedrill,beedrill,15,menu_sprite,0015.png,e83adaa89f829da202e6ab24d2c54023fcd72a75,128,128,Bulbagarden Archives,https://archives.bulbagarden.net/media/upload/7/76/Menu_CP_0015.png,File:Menu CP 0015.png,2026-07-21 11:16:38.103977+00,0.0.0-dev
pidgeot,pidgeot,18,menu_sprite,0018.png,43ea0b37703ba2af73b0cef91c3b21123ad1d056,128,128,Bulbagarden Archives,https://archives.bulbagarden.net/media/upload/7/7b/Menu_CP_0018.png,File:Menu CP 0018.png,2026-07-21 11:16:38.103977+00,0.0.0-dev
arbok,arbok,24,menu_sprite,0024.png,7a34c7ee5a34d3dbf69731d9df27206191241f49,128,128,Bulbagarden Archives,https://archives.bulbagarden.net/media/upload/3/32/Menu_CP_0024.png,File:Menu CP 0024.png,2026-07-21 11:16:38.103977+00,0.0.0-dev
raichu-mega-x,raichu-mega-x,26,menu_sprite,0026-Mega X.png,56272207115ab136b4a737a2e32af646df96d21b,128,128,Bulbagarden Archives,https://archives.bulbagarden.net/media/upload/d/d8/Menu_CP_0026-Mega_X.png,File:Menu CP 0026-Mega X.png,2026-07-21 11:16:38.103977+00,0.0.0-dev
clefable-mega,clefable-mega,36,menu_sprite,0036-Mega.png,35e46d5c32262ed3d7d253cfc6954c66620f28db,128,128,Bulbagarden Archives,https://archives.bulbagarden.net/media/upload/9/9a/Menu_CP_0036-Mega.png,File:Menu CP 0036-Mega.png,2026-07-21 11:16:38.103977+00,0.0.0-dev
arcanine-hisui,arcanine-hisui,59,menu_sprite,0059-Hisui.png,ee051a27e08d14fc0434f617eff2afe4f7d34733,128,128,Bulbagarden Archives,https://archives.bulbagarden.net/media/upload/b/bd/Menu_CP_0059-Hisui.png,File:Menu CP 0059-Hisui.png,2026-07-21 11:16:38.103977+00,0.0.0-dev
arcanine,arcanine,59,menu_sprite,0059.png,df56fe2227462648a3cd1a941b19d9adba2858ad,128,128,Bulbagarden Archives,https://archives.bulbagarden.net/media/upload/b/b6/Menu_CP_0059.png,File:Menu CP 0059.png,2026-07-21 11:16:38.103977+00,0.0.0-dev
alakazam-mega,alakazam-mega,65,menu_sprite,0065-Mega.png,89a365d7c48ddfde21d9ad338ec87327b7e42dd6,128,128,Bulbagarden Archives,https://archives.bulbagarden.net/media/upload/2/21/Menu_CP_0065-Mega.png,File:Menu CP 0065-Mega.png,2026-07-21 11:16:38.103977+00,0.0.0-dev
victreebel,victreebel,71,menu_sprite,0071.png,12e02292947f4e798b6def85c7ac67ac6b6d2656,128,128,Bulbagarden Archives,https://archives.bulbagarden.net/media/upload/2/22/Menu_CP_0071.png,File:Menu CP 0071.png,2026-07-21 11:16:38.103977+00,0.0.0-dev
slowbro-galar,slowbro-galar,80,menu_sprite,0080-Galar.png,731b60ae586ef44c129cf6ff79b503105fefcc63,128,128,Bulbagarden Archives,https://archives.bulbagarden.net/media/upload/8/8a/Menu_CP_0080-Galar.png,File:Menu CP 0080-Galar.png,2026-07-21 11:16:38.103977+00,0.0.0-dev
starmie-mega,starmie-mega,121,menu_sprite,0121-Mega.png,29107636c9c35357dd45c690ce7b5aa0f6af9e5e,128,128,Bulbagarden Archives,https://archives.bulbagarden.net/media/upload/2/26/Menu_CP_0121-Mega.png,File:Menu CP 0121-Mega.png,2026-07-21 11:16:38.103977+00,0.0.0-dev
tauros-paldea-blaze-breed,tauros-paldea-blaze-breed,128,menu_sprite,0128-Paldea Blaze.png,aabd955b380053d7ef837b1cb2591bd90e0c6553,128,128,Bulbagarden Archives,https://archives.bulbagarden.net/media/upload/b/b4/Menu_CP_0128-Paldea_Blaze.png,File:Menu CP 0128-Paldea Blaze.png,2026-07-21 11:16:38.103977+00,0.0.0-dev
vaporeon,vaporeon,134,menu_sprite,0134.png,1293d9293cc409ea16acb1bc98e966299ff1e064,128,128,Bulbagarden Archives,https://archives.bulbagarden.net/media/upload/c/c6/Menu_CP_0134.png,File:Menu CP 0134.png,2026-07-21 11:16:38.103977+00,0.0.0-dev
jolteon,jolteon,135,menu_sprite,0135.png,17a85c9a811cfdad30bfa46172be8c6d10b1d13a,128,128,Bulbagarden Archives,https://archives.bulbagarden.net/media/upload/e/ec/Menu_CP_0135.png,File:Menu CP 0135.png,2026-07-21 11:16:38.103977+00,0.0.0-dev
flareon,flareon,136,menu_sprite,0136.png,151f7795af745b4d093b144a0885fffe362c7fe0,128,128,Bulbagarden Archives,https://archives.bulbagarden.net/media/upload/c/c2/Menu_CP_0136.png,File:Menu CP 0136.png,2026-07-21 11:16:38.103977+00,0.0.0-dev
aerodactyl-mega,aerodactyl-mega,142,menu_sprite,0142-Mega.png,b60cb89c2463f75dfa74b4a7efb533f79413fbe0,128,128,Bulbagarden Archives,https://archives.bulbagarden.net/media/upload/9/9f/Menu_CP_0142-Mega.png,File:Menu CP 0142-Mega.png,2026-07-21 11:16:38.103977+00,0.0.0-dev
dragonite-mega,dragonite-mega,149,menu_sprite,0149-Mega.png,8fe980420f132819c9eedec7923adb0a83b23d85,128,128,Bulbagarden Archives,https://archives.bulbagarden.net/media/upload/7/79/Menu_CP_0149-Mega.png,File:Menu CP 0149-Mega.png,2026-07-21 11:16:38.103977+00,0.0.0-dev
feraligatr,feraligatr,160,menu_sprite,0160.png,d310f70d9f8afaff041a5cdaa0285449b405d517,128,128,Bulbagarden Archives,https://archives.bulbagarden.net/media/upload/a/ad/Menu_CP_0160.png,File:Menu CP 0160.png,2026-07-21 11:16:38.103977+00,0.0.0-dev
azumarill,azumarill,184,menu_sprite,0184.png,6e4b4b8f67f11dc73c5f9ad317cc32b07a8570d3,128,128,Bulbagarden Archives,https://archives.bulbagarden.net/media/upload/c/c8/Menu_CP_0184.png,File:Menu CP 0184.png,2026-07-21 11:16:38.103977+00,0.0.0-dev
politoed,politoed,186,menu_sprite,0186.png,4e0c2d57583b839212d32a5544a4d34927ba3929,128,128,Bulbagarden Archives,https://archives.bulbagarden.net/media/upload/8/82/Menu_CP_0186.png,File:Menu CP 0186.png,2026-07-21 11:16:38.103977+00,0.0.0-dev
forretress,forretress,205,menu_sprite,0205.png,c8e05c2e56de00bcc5c4974d714bb3758a9c98b1,128,128,Bulbagarden Archives,https://archives.bulbagarden.net/media/upload/a/a3/Menu_CP_0205.png,File:Menu CP 0205.png,2026-07-21 11:16:38.103977+00,0.0.0-dev
qwilfish,qwilfish,211,menu_sprite,0211.png,1ffbcdcb9bf6cb981a66e3a07c4b0928de44163e,128,128,Bulbagarden Archives,https://archives.bulbagarden.net/media/upload/6/69/Menu_CP_0211.png,File:Menu CP 0211.png,2026-07-21 11:16:38.103977+00,0.0.0-dev
blaziken,blaziken,257,menu_sprite,0257.png,48d0f7601124d14c554ff533d290559319ae2cc9,128,128,Bulbagarden Archives,https://archives.bulbagarden.net/media/upload/a/a1/Menu_CP_0257.png,File:Menu CP 0257.png,2026-07-21 11:16:38.103977+00,0.0.0-dev
swampert,swampert,260,menu_sprite,0260.png,ecc722f9858bfe8c596ccd0dcc3e8796383b726e,128,128,Bulbagarden Archives,https://archives.bulbagarden.net/media/upload/8/80/Menu_CP_0260.png,File:Menu CP 0260.png,2026-07-21 11:16:38.103977+00,0.0.0-dev
gardevoir-mega,gardevoir-mega,282,menu_sprite,0282-Mega.png,f5187c09a9b6b6bfbd1f79f2b860ad9201b88e1a,128,128,Bulbagarden Archives,https://archives.bulbagarden.net/media/upload/4/4e/Menu_CP_0282-Mega.png,File:Menu CP 0282-Mega.png,2026-07-21 11:16:38.103977+00,0.0.0-dev
mawile-mega,mawile-mega,303,menu_sprite,0303-Mega.png,c8ef426df484152cf00c2a0ae9cf7ca323cc454d,128,128,Bulbagarden Archives,https://archives.bulbagarden.net/media/upload/8/8d/Menu_CP_0303-Mega.png,File:Menu CP 0303-Mega.png,2026-07-21 11:16:38.103977+00,0.0.0-dev
medicham-mega,medicham-mega,308,menu_sprite,0308-Mega.png,7e68ac3afdfdb34c5bf815ab545ad1a1a339814f,128,128,Bulbagarden Archives,https://archives.bulbagarden.net/media/upload/8/8d/Menu_CP_0308-Mega.png,File:Menu CP 0308-Mega.png,2026-07-21 11:16:38.103977+00,0.0.0-dev
manectric,manectric,310,menu_sprite,0310.png,a654b0045c4224d779c6dc2bcdf91d0fee732f3e,128,128,Bulbagarden Archives,https://archives.bulbagarden.net/media/upload/f/fb/Menu_CP_0310.png,File:Menu CP 0310.png,2026-07-21 11:16:38.103977+00,0.0.0-dev
sharpedo,sharpedo,319,menu_sprite,0319.png,ad0f405175cf172d1c1506e5a0be123671e771ce,128,128,Bulbagarden Archives,https://archives.bulbagarden.net/media/upload/7/7e/Menu_CP_0319.png,File:Menu CP 0319.png,2026-07-21 11:16:38.103977+00,0.0.0-dev
altaria-mega,altaria-mega,334,menu_sprite,0334-Mega.png,aa6e2ac2f98714aff80a5e5beede85225b86ca28,128,128,Bulbagarden Archives,https://archives.bulbagarden.net/media/upload/1/1a/Menu_CP_0334-Mega.png,File:Menu CP 0334-Mega.png,2026-07-21 11:16:38.103977+00,0.0.0-dev
castform-snowy,castform-snowy,351,menu_sprite,0351-Snowy.png,0fca772d9a59ab1d8c83d9feb5f1de8abcfb13af,128,128,Bulbagarden Archives,https://archives.bulbagarden.net/media/upload/d/d9/Menu_CP_0351-Snowy.png,File:Menu CP 0351-Snowy.png,2026-07-21 11:16:38.103977+00,0.0.0-dev
castform-sunny,castform-sunny,351,menu_sprite,0351-Sunny.png,7523434f556b135c0f213157f164005dd8c87eee,128,128,Bulbagarden Archives,https://archives.bulbagarden.net/media/upload/7/7b/Menu_CP_0351-Sunny.png,File:Menu CP 0351-Sunny.png,2026-07-21 11:16:38.103977+00,0.0.0-dev
metagross-mega,metagross-mega,376,menu_sprite,0376-Mega.png,da24b3c1973dc91b309a7eaf88bf22107ddb9846,128,128,Bulbagarden Archives,https://archives.bulbagarden.net/media/upload/5/50/Menu_CP_0376-Mega.png,File:Menu CP 0376-Mega.png,2026-07-21 11:16:38.103977+00,0.0.0-dev
infernape,infernape,392,menu_sprite,0392.png,e1b948d85b4589ba81dc85e57d26665cabf6fb27,128,128,Bulbagarden Archives,https://archives.bulbagarden.net/media/upload/a/ac/Menu_CP_0392.png,File:Menu CP 0392.png,2026-07-21 11:16:38.103977+00,0.0.0-dev
empoleon,empoleon,395,menu_sprite,0395.png,eaa803cce33ec8394d84eaff0fc24ea120db934b,128,128,Bulbagarden Archives,https://archives.bulbagarden.net/media/upload/4/42/Menu_CP_0395.png,File:Menu CP 0395.png,2026-07-21 11:16:38.103977+00,0.0.0-dev
garchomp-mega,garchomp-mega,445,menu_sprite,0445-Mega.png,a31dbc36ca3bf4df73f477c29835f485ac62d753,128,128,Bulbagarden Archives,https://archives.bulbagarden.net/media/upload/1/14/Menu_CP_0445-Mega.png,File:Menu CP 0445-Mega.png,2026-07-21 11:16:38.103977+00,0.0.0-dev
weavile,weavile,461,menu_sprite,0461.png,ec600528c0d309eeb354588bde5c13cf2f6ea4ab,128,128,Bulbagarden Archives,https://archives.bulbagarden.net/media/upload/e/e8/Menu_CP_0461.png,File:Menu CP 0461.png,2026-07-21 11:16:38.103977+00,0.0.0-dev
leafeon,leafeon,470,menu_sprite,0470.png,19f52a8ee43b36d08819caf10da3878910998e99,128,128,Bulbagarden Archives,https://archives.bulbagarden.net/media/upload/1/1a/Menu_CP_0470.png,File:Menu CP 0470.png,2026-07-21 11:16:38.103977+00,0.0.0-dev
rotom,rotom,479,menu_sprite,0479.png,a1e742d2c9318321774e62216261d11fdc5edcd5,128,128,Bulbagarden Archives,https://archives.bulbagarden.net/media/upload/b/bf/Menu_CP_0479.png,File:Menu CP 0479.png,2026-07-21 11:16:38.103977+00,0.0.0-dev
samurott,samurott,503,menu_sprite,0503.png,0b8ac9072e46497c5db1c65d1f68a10b33acccc2,128,128,Bulbagarden Archives,https://archives.bulbagarden.net/media/upload/5/57/Menu_CP_0503.png,File:Menu CP 0503.png,2026-07-21 11:16:38.103977+00,0.0.0-dev
musharna,musharna,518,menu_sprite,0518.png,2a1bacb580e3fe08cc5ed6292877c59f89b14003,128,128,Bulbagarden Archives,https://archives.bulbagarden.net/media/upload/a/aa/Menu_CP_0518.png,File:Menu CP 0518.png,2026-07-21 11:16:38.103977+00,0.0.0-dev
excadrill,excadrill,530,menu_sprite,0530.png,01d6912b267c8f701ab31b3f2e8dfd0f8eb59adc,128,128,Bulbagarden Archives,https://archives.bulbagarden.net/media/upload/0/0c/Menu_CP_0530.png,File:Menu CP 0530.png,2026-07-21 11:16:38.103977+00,0.0.0-dev
conkeldurr,conkeldurr,534,menu_sprite,0534.png,5acc05917772ac50bf25ef82742d3a60ce41b659,128,128,Bulbagarden Archives,https://archives.bulbagarden.net/media/upload/1/1e/Menu_CP_0534.png,File:Menu CP 0534.png,2026-07-21 11:16:38.103977+00,0.0.0-dev
cofagrigus,cofagrigus,563,menu_sprite,0563.png,f69ba0a5362e11e5a382a21328d32d299fa1ec34,128,128,Bulbagarden Archives,https://archives.bulbagarden.net/media/upload/0/01/Menu_CP_0563.png,File:Menu CP 0563.png,2026-07-21 11:16:38.103977+00,0.0.0-dev
zoroark,zoroark,571,menu_sprite,0571.png,973d0442d22c041b79cc24a62841bf3255a1bef3,128,128,Bulbagarden Archives,https://archives.bulbagarden.net/media/upload/f/f3/Menu_CP_0571.png,File:Menu CP 0571.png,2026-07-21 11:16:38.103977+00,0.0.0-dev
reuniclus,reuniclus,579,menu_sprite,0579.png,19767ea331b265ed0c0d6216a1b481808a4dbb70,128,128,Bulbagarden Archives,https://archives.bulbagarden.net/media/upload/e/ed/Menu_CP_0579.png,File:Menu CP 0579.png,2026-07-21 11:16:38.103977+00,0.0.0-dev
eelektross-mega,eelektross-mega,604,menu_sprite,0604-Mega.png,7364113773b4fad6ba51ce2de21f77e8873e9687,128,128,Bulbagarden Archives,https://archives.bulbagarden.net/media/upload/f/f5/Menu_CP_0604-Mega.png,File:Menu CP 0604-Mega.png,2026-07-21 11:16:38.103977+00,0.0.0-dev
chesnaught-mega,chesnaught-mega,652,menu_sprite,0652-Mega.png,8b3f82a803f3793ee9453b5de33bf7b44fdbc3bc,128,128,Bulbagarden Archives,https://archives.bulbagarden.net/media/upload/1/14/Menu_CP_0652-Mega.png,File:Menu CP 0652-Mega.png,2026-07-21 11:16:38.103977+00,0.0.0-dev
diggersby,diggersby,660,menu_sprite,0660.png,a518957a36b3a7b2fd4cb4e2877621f3360c13dd,128,128,Bulbagarden Archives,https://archives.bulbagarden.net/media/upload/b/b2/Menu_CP_0660.png,File:Menu CP 0660.png,2026-07-21 11:16:38.103977+00,0.0.0-dev
vivillon,vivillon,666,menu_sprite,0666.png,ff3426a6f8063f25f0a4de3818cd889928c85756,128,128,Bulbagarden Archives,https://archives.bulbagarden.net/media/upload/1/12/Menu_CP_0666.png,File:Menu CP 0666.png,2026-07-21 11:16:38.103977+00,0.0.0-dev
pyroar-male,pyroar-male,668,menu_sprite,0668.png,07d1e03d7ad1ab3635f039891755345fd57665c0,128,128,Bulbagarden Archives,https://archives.bulbagarden.net/media/upload/4/48/Menu_CP_0668.png,File:Menu CP 0668.png,2026-07-21 11:16:38.103977+00,0.0.0-dev
meowstic-female,meowstic-female,678,menu_sprite,0678-Female.png,815995d744f225a9f35691e7a962b9d0575d4faa,128,128,Bulbagarden Archives,https://archives.bulbagarden.net/media/upload/7/70/Menu_CP_0678-Female.png,File:Menu CP 0678-Female.png,2026-07-21 11:16:38.103977+00,0.0.0-dev
meowstic-male,meowstic-male,678,menu_sprite,0678.png,00eb07e828a48ceb4090941eeeb9f2a2ca7743ba,128,128,Bulbagarden Archives,https://archives.bulbagarden.net/media/upload/d/dd/Menu_CP_0678.png,File:Menu CP 0678.png,2026-07-21 11:16:38.103977+00,0.0.0-dev
malamar,malamar,687,menu_sprite,0687.png,fd83944b5518ff84dce3cb11d30472721e973673,128,128,Bulbagarden Archives,https://archives.bulbagarden.net/media/upload/d/da/Menu_CP_0687.png,File:Menu CP 0687.png,2026-07-21 11:16:38.103977+00,0.0.0-dev
clawitzer,clawitzer,693,menu_sprite,0693.png,c2160394fd05048a0c31fc7eb3e6fc318829d16e,128,128,Bulbagarden Archives,https://archives.bulbagarden.net/media/upload/8/8f/Menu_CP_0693.png,File:Menu CP 0693.png,2026-07-21 11:16:38.103977+00,0.0.0-dev
heliolisk,heliolisk,695,menu_sprite,0695.png,80f1367450192ec317b66a111f367d685508f134,128,128,Bulbagarden Archives,https://archives.bulbagarden.net/media/upload/5/53/Menu_CP_0695.png,File:Menu CP 0695.png,2026-07-21 11:16:38.103977+00,0.0.0-dev
sylveon,sylveon,700,menu_sprite,0700.png,0bf23c068b04e839cfa0a56266b379e6b4f8a566,128,128,Bulbagarden Archives,https://archives.bulbagarden.net/media/upload/d/d2/Menu_CP_0700.png,File:Menu CP 0700.png,2026-07-21 11:16:38.103977+00,0.0.0-dev
hawlucha,hawlucha,701,menu_sprite,0701.png,75e8c486d82a3f624b47bf9cabfb420c1bd905b6,128,128,Bulbagarden Archives,https://archives.bulbagarden.net/media/upload/1/14/Menu_CP_0701.png,File:Menu CP 0701.png,2026-07-21 11:16:38.103977+00,0.0.0-dev
goodra,goodra,706,menu_sprite,0706.png,4b65fdf4bec245e1ea5ebd56c44e31683022c895,128,128,Bulbagarden Archives,https://archives.bulbagarden.net/media/upload/4/49/Menu_CP_0706.png,File:Menu CP 0706.png,2026-07-21 11:16:38.103977+00,0.0.0-dev
klefki,klefki,707,menu_sprite,0707.png,15b6d406d2f74c85e5bf11e057a2bf038e164c29,128,128,Bulbagarden Archives,https://archives.bulbagarden.net/media/upload/6/61/Menu_CP_0707.png,File:Menu CP 0707.png,2026-07-21 11:16:38.103977+00,0.0.0-dev
trevenant,trevenant,709,menu_sprite,0709.png,2a4442861d5d14d1ae66df83624e1d4b8b390432,128,128,Bulbagarden Archives,https://archives.bulbagarden.net/media/upload/9/96/Menu_CP_0709.png,File:Menu CP 0709.png,2026-07-21 11:16:38.103977+00,0.0.0-dev
gourgeist-large,gourgeist-large,711,menu_sprite,0711-Large.png,7795ad0344d825a1cf67782b802f579637d42fde,128,128,Bulbagarden Archives,https://archives.bulbagarden.net/media/upload/2/29/Menu_CP_0711-Large.png,File:Menu CP 0711-Large.png,2026-07-21 11:16:38.103977+00,0.0.0-dev
gourgeist-small,gourgeist-small,711,menu_sprite,0711-Small.png,69fe1bcaa1959e272a8d59a3adab5d2e70df118a,128,128,Bulbagarden Archives,https://archives.bulbagarden.net/media/upload/9/94/Menu_CP_0711-Small.png,File:Menu CP 0711-Small.png,2026-07-21 11:16:38.103977+00,0.0.0-dev
avalugg,avalugg,713,menu_sprite,0713.png,889c46ab6c3a7d6ad60cc25c8ca5904634dd8832,128,128,Bulbagarden Archives,https://archives.bulbagarden.net/media/upload/f/fd/Menu_CP_0713.png,File:Menu CP 0713.png,2026-07-21 11:16:38.103977+00,0.0.0-dev
decidueye,decidueye,724,menu_sprite,0724.png,fe65fb1514b0413078ba79ca3a12c3abcc105039,128,128,Bulbagarden Archives,https://archives.bulbagarden.net/media/upload/d/da/Menu_CP_0724.png,File:Menu CP 0724.png,2026-07-21 11:16:38.103977+00,0.0.0-dev
lycanroc-dusk,lycanroc-dusk,745,menu_sprite,0745-Dusk.png,c13f0a9d3f03a5f5192dddec0f526dd044928c8f,128,128,Bulbagarden Archives,https://archives.bulbagarden.net/media/upload/2/2e/Menu_CP_0745-Dusk.png,File:Menu CP 0745-Dusk.png,2026-07-21 11:16:38.103977+00,0.0.0-dev
mudsdale,mudsdale,750,menu_sprite,0750.png,b202c430b75df9d35678d434b6cee8cbd84f21d0,128,128,Bulbagarden Archives,https://archives.bulbagarden.net/media/upload/b/b1/Menu_CP_0750.png,File:Menu CP 0750.png,2026-07-21 11:16:38.103977+00,0.0.0-dev
passimian,passimian,766,menu_sprite,0766.png,21a40f257bd54e51ef1a9ed0fc0844a899669cc5,128,128,Bulbagarden Archives,https://archives.bulbagarden.net/media/upload/5/5a/Menu_CP_0766.png,File:Menu CP 0766.png,2026-07-21 11:16:38.103977+00,0.0.0-dev
drampa-mega,drampa-mega,780,menu_sprite,0780-Mega.png,ed06d3924b22d3bd1edf42f9ba612381f6e6766f,128,128,Bulbagarden Archives,https://archives.bulbagarden.net/media/upload/b/b0/Menu_CP_0780-Mega.png,File:Menu CP 0780-Mega.png,2026-07-21 11:16:38.103977+00,0.0.0-dev
runerigus,runerigus,867,menu_sprite,0867.png,8481c15b058f273c6b41a176973216323b56e020,128,128,Bulbagarden Archives,https://archives.bulbagarden.net/media/upload/b/bc/Menu_CP_0867.png,File:Menu CP 0867.png,2026-07-21 11:16:38.103977+00,0.0.0-dev
kleavor,kleavor,900,menu_sprite,0900.png,d30be7ecb52e1cd020ea087648a80bcdd71960ee,128,128,Bulbagarden Archives,https://archives.bulbagarden.net/media/upload/4/43/Menu_CP_0900.png,File:Menu CP 0900.png,2026-07-21 11:16:38.103977+00,0.0.0-dev
quaquaval,quaquaval,914,menu_sprite,0914.png,1c695a1580749a4f415c97889e12d5da96a5d6a1,128,128,Bulbagarden Archives,https://archives.bulbagarden.net/media/upload/3/3b/Menu_CP_0914.png,File:Menu CP 0914.png,2026-07-21 11:16:38.103977+00,0.0.0-dev
ceruledge,ceruledge,937,menu_sprite,0937.png,7f1fd5d55e415a6f787cb68ae5482f3bdd66c38d,128,128,Bulbagarden Archives,https://archives.bulbagarden.net/media/upload/a/a4/Menu_CP_0937.png,File:Menu CP 0937.png,2026-07-21 11:16:38.103977+00,0.0.0-dev
espathra,espathra,956,menu_sprite,0956.png,d363bf83f951601c22d64c7e75198ed07c875ecc,128,128,Bulbagarden Archives,https://archives.bulbagarden.net/media/upload/a/a3/Menu_CP_0956.png,File:Menu CP 0956.png,2026-07-21 11:16:38.103977+00,0.0.0-dev
palafin-zero,palafin-zero,964,menu_sprite,0964.png,c252bb913151992c4dda973323b26fcb87b7f447,128,128,Bulbagarden Archives,https://archives.bulbagarden.net/media/upload/0/04/Menu_CP_0964.png,File:Menu CP 0964.png,2026-07-21 11:16:38.103977+00,0.0.0-dev
houndstone,houndstone,972,menu_sprite,0972.png,f65776c76aec013a8b3a5a32fdae40b4b689ffdc,128,128,Bulbagarden Archives,https://archives.bulbagarden.net/media/upload/0/01/Menu_CP_0972.png,File:Menu CP 0972.png,2026-07-21 11:16:38.103977+00,0.0.0-dev
