pokemon_stat_delta_key,pokemon_key,pokemon_id,hp_delta,attack_delta,defense_delta,sp_attack_delta,sp_defense_delta,speed_delta,stat_total_delta,canonical_dataset_version,champions_dataset_version,source_name,source_url,extracted_at_utc,dataset_version
venusaur-delta,venusaur,3,0,0,0,0,0,0,0,0.0.0-dev,0.0.0-dev,derived: pokemon_stat_canonical vs pokemon_stat_champions,internal://pokemon_stat_delta,2026-07-21 11:19:05.199378+00,0.0.0-dev
charizard-delta,charizard,6,0,0,0,0,0,0,0,0.0.0-dev,0.0.0-dev,derived: pokemon_stat_canonical vs pokemon_stat_champions,internal://pokemon_stat_delta,2026-07-21 11:19:05.199378+00,0.0.0-dev
blastoise-delta,blastoise,9,0,0,0,0,0,0,0,0.0.0-dev,0.0.0-dev,derived: pokemon_stat_canonical vs pokemon_stat_champions,internal://pokemon_stat_delta,2026-07-21 11:19:05.199378+00,0.0.0-dev
beedrill-delta,beedrill,15,0,0,0,0,0,0,0,0.0.0-dev,0.0.0-dev,derived: pokemon_stat_canonical vs pokemon_stat_champions,internal://pokemon_stat_delta,2026-07-21 11:19:05.199378+00,0.0.0-dev
pidgeot-delta,pidgeot,18,0,0,0,0,0,0,0,0.0.0-dev,0.0.0-dev,derived: pokemon_stat_canonical vs pokemon_stat_champions,internal://pokemon_stat_delta,2026-07-21 11:19:05.199378+00,0.0.0-dev
arbok-delta,arbok,24,0,0,0,0,0,0,0,0.0.0-dev,0.0.0-dev,derived: pokemon_stat_canonical vs pokemon_stat_champions,internal://pokemon_stat_delta,2026-07-21 11:19:05.199378+00,0.0.0-dev
pikachu-delta,pikachu,25,0,0,0,0,0,0,0,0.0.0-dev,0.0.0-dev,derived: pokemon_stat_canonical vs pokemon_stat_champions,internal://pokemon_stat_delta,2026-07-21 11:19:05.199378+00,0.0.0-dev
raichu-delta,raichu,26,0,0,0,0,0,0,0,0.0.0-dev,0.0.0-dev,derived: pokemon_stat_canonical vs pokemon_stat_champions,internal://pokemon_stat_delta,2026-07-21 11:19:05.199378+00,0.0.0-dev
clefable-delta,clefable,36,0,0,0,0,0,0,0,0.0.0-dev,0.0.0-dev,derived: pokemon_stat_canonical vs pokemon_stat_champions,internal://pokemon_stat_delta,2026-07-21 11:19:05.199378+00,0.0.0-dev
ninetales-delta,ninetales,38,0,0,0,0,0,0,0,0.0.0-dev,0.0.0-dev,derived: pokemon_stat_canonical vs pokemon_stat_champions,internal://pokemon_stat_delta,2026-07-21 11:19:05.199378+00,0.0.0-dev
vileplume-delta,vileplume,45,0,0,0,0,0,0,0,0.0.0-dev,0.0.0-dev,derived: pokemon_stat_canonical vs pokemon_stat_champions,internal://pokemon_stat_delta,2026-07-21 11:19:05.199378+00,0.0.0-dev
arcanine-delta,arcanine,59,0,0,0,0,0,0,0,0.0.0-dev,0.0.0-dev,derived: pokemon_stat_canonical vs pokemon_stat_champions,internal://pokemon_stat_delta,2026-07-21 11:19:05.199378+00,0.0.0-dev
alakazam-delta,alakazam,65,0,0,0,0,0,0,0,0.0.0-dev,0.0.0-dev,derived: pokemon_stat_canonical vs pokemon_stat_champions,internal://pokemon_stat_delta,2026-07-21 11:19:05.199378+00,0.0.0-dev
machamp-delta,machamp,68,0,0,0,0,0,0,0,0.0.0-dev,0.0.0-dev,derived: pokemon_stat_canonical vs pokemon_stat_champions,internal://pokemon_stat_delta,2026-07-21 11:19:05.199378+00,0.0.0-dev
victreebel-delta,victreebel,71,0,0,0,0,0,0,0,0.0.0-dev,0.0.0-dev,derived: pokemon_stat_canonical vs pokemon_stat_champions,internal://pokemon_stat_delta,2026-07-21 11:19:05.199378+00,0.0.0-dev
slowbro-delta,slowbro,80,0,0,0,0,0,0,0,0.0.0-dev,0.0.0-dev,derived: pokemon_stat_canonical vs pokemon_stat_champions,internal://pokemon_stat_delta,2026-07-21 11:19:05.199378+00,0.0.0-dev
gengar-delta,gengar,94,0,0,0,0,0,0,0,0.0.0-dev,0.0.0-dev,derived: pokemon_stat_canonical vs pokemon_stat_champions,internal://pokemon_stat_delta,2026-07-21 11:19:05.199378+00,0.0.0-dev
kangaskhan-delta,kangaskhan,115,0,0,0,0,0,0,0,0.0.0-dev,0.0.0-dev,derived: pokemon_stat_canonical vs pokemon_stat_champions,internal://pokemon_stat_delta,2026-07-21 11:19:05.199378+00,0.0.0-dev
starmie-delta,starmie,121,0,0,0,0,0,0,0,0.0.0-dev,0.0.0-dev,derived: pokemon_stat_canonical vs pokemon_stat_champions,internal://pokemon_stat_delta,2026-07-21 11:19:05.199378+00,0.0.0-dev
pinsir-delta,pinsir,127,0,0,0,0,0,0,0,0.0.0-dev,0.0.0-dev,derived: pokemon_stat_canonical vs pokemon_stat_champions,internal://pokemon_stat_delta,2026-07-21 11:19:05.199378+00,0.0.0-dev
tauros-delta,tauros,128,0,0,0,0,0,0,0,0.0.0-dev,0.0.0-dev,derived: pokemon_stat_canonical vs pokemon_stat_champions,internal://pokemon_stat_delta,2026-07-21 11:19:05.199378+00,0.0.0-dev
gyarados-delta,gyarados,130,0,0,0,0,0,0,0,0.0.0-dev,0.0.0-dev,derived: pokemon_stat_canonical vs pokemon_stat_champions,internal://pokemon_stat_delta,2026-07-21 11:19:05.199378+00,0.0.0-dev
ditto-delta,ditto,132,0,0,0,0,0,0,0,0.0.0-dev,0.0.0-dev,derived: pokemon_stat_canonical vs pokemon_stat_champions,internal://pokemon_stat_delta,2026-07-21 11:19:05.199378+00,0.0.0-dev
vaporeon-delta,vaporeon,134,0,0,0,0,0,0,0,0.0.0-dev,0.0.0-dev,derived: pokemon_stat_canonical vs pokemon_stat_champions,internal://pokemon_stat_delta,2026-07-21 11:19:05.199378+00,0.0.0-dev
jolteon-delta,jolteon,135,0,0,0,0,0,0,0,0.0.0-dev,0.0.0-dev,derived: pokemon_stat_canonical vs pokemon_stat_champions,internal://pokemon_stat_delta,2026-07-21 11:19:05.199378+00,0.0.0-dev
flareon-delta,flareon,136,0,0,0,0,0,0,0,0.0.0-dev,0.0.0-dev,derived: pokemon_stat_canonical vs pokemon_stat_champions,internal://pokemon_stat_delta,2026-07-21 11:19:05.199378+00,0.0.0-dev
aerodactyl-delta,aerodactyl,142,0,0,0,0,0,0,0,0.0.0-dev,0.0.0-dev,derived: pokemon_stat_canonical vs pokemon_stat_champions,internal://pokemon_stat_delta,2026-07-21 11:19:05.199378+00,0.0.0-dev
snorlax-delta,snorlax,143,0,0,0,0,0,0,0,0.0.0-dev,0.0.0-dev,derived: pokemon_stat_canonical vs pokemon_stat_champions,internal://pokemon_stat_delta,2026-07-21 11:19:05.199378+00,0.0.0-dev
dragonite-delta,dragonite,149,0,0,0,0,0,0,0,0.0.0-dev,0.0.0-dev,derived: pokemon_stat_canonical vs pokemon_stat_champions,internal://pokemon_stat_delta,2026-07-21 11:19:05.199378+00,0.0.0-dev
meganium-delta,meganium,154,0,0,0,0,0,0,0,0.0.0-dev,0.0.0-dev,derived: pokemon_stat_canonical vs pokemon_stat_champions,internal://pokemon_stat_delta,2026-07-21 11:19:05.199378+00,0.0.0-dev
typhlosion-delta,typhlosion,157,0,0,0,0,0,0,0,0.0.0-dev,0.0.0-dev,derived: pokemon_stat_canonical vs pokemon_stat_champions,internal://pokemon_stat_delta,2026-07-21 11:19:05.199378+00,0.0.0-dev
feraligatr-delta,feraligatr,160,0,0,0,0,0,0,0,0.0.0-dev,0.0.0-dev,derived: pokemon_stat_canonical vs pokemon_stat_champions,internal://pokemon_stat_delta,2026-07-21 11:19:05.199378+00,0.0.0-dev
ariados-delta,ariados,168,0,0,0,0,0,0,0,0.0.0-dev,0.0.0-dev,derived: pokemon_stat_canonical vs pokemon_stat_champions,internal://pokemon_stat_delta,2026-07-21 11:19:05.199378+00,0.0.0-dev
ampharos-delta,ampharos,181,0,0,0,0,0,0,0,0.0.0-dev,0.0.0-dev,derived: pokemon_stat_canonical vs pokemon_stat_champions,internal://pokemon_stat_delta,2026-07-21 11:19:05.199378+00,0.0.0-dev
azumarill-delta,azumarill,184,0,0,0,0,0,0,0,0.0.0-dev,0.0.0-dev,derived: pokemon_stat_canonical vs pokemon_stat_champions,internal://pokemon_stat_delta,2026-07-21 11:19:05.199378+00,0.0.0-dev
politoed-delta,politoed,186,0,0,0,0,0,0,0,0.0.0-dev,0.0.0-dev,derived: pokemon_stat_canonical vs pokemon_stat_champions,internal://pokemon_stat_delta,2026-07-21 11:19:05.199378+00,0.0.0-dev
espeon-delta,espeon,196,0,0,0,0,0,0,0,0.0.0-dev,0.0.0-dev,derived: pokemon_stat_canonical vs pokemon_stat_champions,internal://pokemon_stat_delta,2026-07-21 11:19:05.199378+00,0.0.0-dev
umbreon-delta,umbreon,197,0,0,0,0,0,0,0,0.0.0-dev,0.0.0-dev,derived: pokemon_stat_canonical vs pokemon_stat_champions,internal://pokemon_stat_delta,2026-07-21 11:19:05.199378+00,0.0.0-dev
slowking-delta,slowking,199,0,0,0,0,0,0,0,0.0.0-dev,0.0.0-dev,derived: pokemon_stat_canonical vs pokemon_stat_champions,internal://pokemon_stat_delta,2026-07-21 11:19:05.199378+00,0.0.0-dev
forretress-delta,forretress,205,0,0,0,0,0,0,0,0.0.0-dev,0.0.0-dev,derived: pokemon_stat_canonical vs pokemon_stat_champions,internal://pokemon_stat_delta,2026-07-21 11:19:05.199378+00,0.0.0-dev
steelix-delta,steelix,208,0,0,0,0,0,0,0,0.0.0-dev,0.0.0-dev,derived: pokemon_stat_canonical vs pokemon_stat_champions,internal://pokemon_stat_delta,2026-07-21 11:19:05.199378+00,0.0.0-dev
qwilfish-delta,qwilfish,211,0,0,0,0,0,0,0,0.0.0-dev,0.0.0-dev,derived: pokemon_stat_canonical vs pokemon_stat_champions,internal://pokemon_stat_delta,2026-07-21 11:19:05.199378+00,0.0.0-dev
scizor-delta,scizor,212,0,0,0,0,0,0,0,0.0.0-dev,0.0.0-dev,derived: pokemon_stat_canonical vs pokemon_stat_champions,internal://pokemon_stat_delta,2026-07-21 11:19:05.199378+00,0.0.0-dev
heracross-delta,heracross,214,0,0,0,0,0,0,0,0.0.0-dev,0.0.0-dev,derived: pokemon_stat_canonical vs pokemon_stat_champions,internal://pokemon_stat_delta,2026-07-21 11:19:05.199378+00,0.0.0-dev
skarmory-delta,skarmory,227,0,0,0,0,0,0,0,0.0.0-dev,0.0.0-dev,derived: pokemon_stat_canonical vs pokemon_stat_champions,internal://pokemon_stat_delta,2026-07-21 11:19:05.199378+00,0.0.0-dev
houndoom-delta,houndoom,229,0,0,0,0,0,0,0,0.0.0-dev,0.0.0-dev,derived: pokemon_stat_canonical vs pokemon_stat_champions,internal://pokemon_stat_delta,2026-07-21 11:19:05.199378+00,0.0.0-dev
tyranitar-delta,tyranitar,248,0,0,0,0,0,0,0,0.0.0-dev,0.0.0-dev,derived: pokemon_stat_canonical vs pokemon_stat_champions,internal://pokemon_stat_delta,2026-07-21 11:19:05.199378+00,0.0.0-dev
sceptile-delta,sceptile,254,0,0,0,0,0,0,0,0.0.0-dev,0.0.0-dev,derived: pokemon_stat_canonical vs pokemon_stat_champions,internal://pokemon_stat_delta,2026-07-21 11:19:05.199378+00,0.0.0-dev
blaziken-delta,blaziken,257,0,0,0,0,0,0,0,0.0.0-dev,0.0.0-dev,derived: pokemon_stat_canonical vs pokemon_stat_champions,internal://pokemon_stat_delta,2026-07-21 11:19:05.199378+00,0.0.0-dev
swampert-delta,swampert,260,0,0,0,0,0,0,0,0.0.0-dev,0.0.0-dev,derived: pokemon_stat_canonical vs pokemon_stat_champions,internal://pokemon_stat_delta,2026-07-21 11:19:05.199378+00,0.0.0-dev
pelipper-delta,pelipper,279,0,0,0,0,0,0,0,0.0.0-dev,0.0.0-dev,derived: pokemon_stat_canonical vs pokemon_stat_champions,internal://pokemon_stat_delta,2026-07-21 11:19:05.199378+00,0.0.0-dev
gardevoir-delta,gardevoir,282,0,0,0,0,0,0,0,0.0.0-dev,0.0.0-dev,derived: pokemon_stat_canonical vs pokemon_stat_champions,internal://pokemon_stat_delta,2026-07-21 11:19:05.199378+00,0.0.0-dev
sableye-delta,sableye,302,0,0,0,0,0,0,0,0.0.0-dev,0.0.0-dev,derived: pokemon_stat_canonical vs pokemon_stat_champions,internal://pokemon_stat_delta,2026-07-21 11:19:05.199378+00,0.0.0-dev
mawile-delta,mawile,303,0,0,0,0,0,0,0,0.0.0-dev,0.0.0-dev,derived: pokemon_stat_canonical vs pokemon_stat_champions,internal://pokemon_stat_delta,2026-07-21 11:19:05.199378+00,0.0.0-dev
aggron-delta,aggron,306,0,0,0,0,0,0,0,0.0.0-dev,0.0.0-dev,derived: pokemon_stat_canonical vs pokemon_stat_champions,internal://pokemon_stat_delta,2026-07-21 11:19:05.199378+00,0.0.0-dev
medicham-delta,medicham,308,0,0,0,0,0,0,0,0.0.0-dev,0.0.0-dev,derived: pokemon_stat_canonical vs pokemon_stat_champions,internal://pokemon_stat_delta,2026-07-21 11:19:05.199378+00,0.0.0-dev
manectric-delta,manectric,310,0,0,0,0,0,0,0,0.0.0-dev,0.0.0-dev,derived: pokemon_stat_canonical vs pokemon_stat_champions,internal://pokemon_stat_delta,2026-07-21 11:19:05.199378+00,0.0.0-dev
sharpedo-delta,sharpedo,319,0,0,0,0,0,0,0,0.0.0-dev,0.0.0-dev,derived: pokemon_stat_canonical vs pokemon_stat_champions,internal://pokemon_stat_delta,2026-07-21 11:19:05.199378+00,0.0.0-dev
camerupt-delta,camerupt,323,0,0,0,0,0,0,0,0.0.0-dev,0.0.0-dev,derived: pokemon_stat_canonical vs pokemon_stat_champions,internal://pokemon_stat_delta,2026-07-21 11:19:05.199378+00,0.0.0-dev
torkoal-delta,torkoal,324,0,0,0,0,0,0,0,0.0.0-dev,0.0.0-dev,derived: pokemon_stat_canonical vs pokemon_stat_champions,internal://pokemon_stat_delta,2026-07-21 11:19:05.199378+00,0.0.0-dev
altaria-delta,altaria,334,0,0,0,0,0,0,0,0.0.0-dev,0.0.0-dev,derived: pokemon_stat_canonical vs pokemon_stat_champions,internal://pokemon_stat_delta,2026-07-21 11:19:05.199378+00,0.0.0-dev
milotic-delta,milotic,350,0,0,0,0,0,0,0,0.0.0-dev,0.0.0-dev,derived: pokemon_stat_canonical vs pokemon_stat_champions,internal://pokemon_stat_delta,2026-07-21 11:19:05.199378+00,0.0.0-dev
castform-delta,castform,351,0,0,0,0,0,0,0,0.0.0-dev,0.0.0-dev,derived: pokemon_stat_canonical vs pokemon_stat_champions,internal://pokemon_stat_delta,2026-07-21 11:19:05.199378+00,0.0.0-dev
banette-delta,banette,354,0,0,0,0,0,0,0,0.0.0-dev,0.0.0-dev,derived: pokemon_stat_canonical vs pokemon_stat_champions,internal://pokemon_stat_delta,2026-07-21 11:19:05.199378+00,0.0.0-dev
chimecho-delta,chimecho,358,0,0,0,0,0,0,0,0.0.0-dev,0.0.0-dev,derived: pokemon_stat_canonical vs pokemon_stat_champions,internal://pokemon_stat_delta,2026-07-21 11:19:05.199378+00,0.0.0-dev
absol-delta,absol,359,0,0,0,0,0,0,0,0.0.0-dev,0.0.0-dev,derived: pokemon_stat_canonical vs pokemon_stat_champions,internal://pokemon_stat_delta,2026-07-21 11:19:05.199378+00,0.0.0-dev
glalie-delta,glalie,362,0,0,0,0,0,0,0,0.0.0-dev,0.0.0-dev,derived: pokemon_stat_canonical vs pokemon_stat_champions,internal://pokemon_stat_delta,2026-07-21 11:19:05.199378+00,0.0.0-dev
metagross-delta,metagross,376,0,0,0,0,0,0,0,0.0.0-dev,0.0.0-dev,derived: pokemon_stat_canonical vs pokemon_stat_champions,internal://pokemon_stat_delta,2026-07-21 11:19:05.199378+00,0.0.0-dev
torterra-delta,torterra,389,0,0,0,0,0,0,0,0.0.0-dev,0.0.0-dev,derived: pokemon_stat_canonical vs pokemon_stat_champions,internal://pokemon_stat_delta,2026-07-21 11:19:05.199378+00,0.0.0-dev
infernape-delta,infernape,392,0,0,0,0,0,0,0,0.0.0-dev,0.0.0-dev,derived: pokemon_stat_canonical vs pokemon_stat_champions,internal://pokemon_stat_delta,2026-07-21 11:19:05.199378+00,0.0.0-dev
empoleon-delta,empoleon,395,0,0,0,0,0,0,0,0.0.0-dev,0.0.0-dev,derived: pokemon_stat_canonical vs pokemon_stat_champions,internal://pokemon_stat_delta,2026-07-21 11:19:05.199378+00,0.0.0-dev
staraptor-delta,staraptor,398,0,0,0,0,0,0,0,0.0.0-dev,0.0.0-dev,derived: pokemon_stat_canonical vs pokemon_stat_champions,internal://pokemon_stat_delta,2026-07-21 11:19:05.199378+00,0.0.0-dev
luxray-delta,luxray,405,0,0,0,0,0,0,0,0.0.0-dev,0.0.0-dev,derived: pokemon_stat_canonical vs pokemon_stat_champions,internal://pokemon_stat_delta,2026-07-21 11:19:05.199378+00,0.0.0-dev
roserade-delta,roserade,407,0,0,0,0,0,0,0,0.0.0-dev,0.0.0-dev,derived: pokemon_stat_canonical vs pokemon_stat_champions,internal://pokemon_stat_delta,2026-07-21 11:19:05.199378+00,0.0.0-dev
rampardos-delta,rampardos,409,0,0,0,0,0,0,0,0.0.0-dev,0.0.0-dev,derived: pokemon_stat_canonical vs pokemon_stat_champions,internal://pokemon_stat_delta,2026-07-21 11:19:05.199378+00,0.0.0-dev
bastiodon-delta,bastiodon,411,0,0,0,0,0,0,0,0.0.0-dev,0.0.0-dev,derived: pokemon_stat_canonical vs pokemon_stat_champions,internal://pokemon_stat_delta,2026-07-21 11:19:05.199378+00,0.0.0-dev
lopunny-delta,lopunny,428,0,0,0,0,0,0,0,0.0.0-dev,0.0.0-dev,derived: pokemon_stat_canonical vs pokemon_stat_champions,internal://pokemon_stat_delta,2026-07-21 11:19:05.199378+00,0.0.0-dev
spiritomb-delta,spiritomb,442,0,0,0,0,0,0,0,0.0.0-dev,0.0.0-dev,derived: pokemon_stat_canonical vs pokemon_stat_champions,internal://pokemon_stat_delta,2026-07-21 11:19:05.199378+00,0.0.0-dev
garchomp-delta,garchomp,445,0,0,0,0,0,0,0,0.0.0-dev,0.0.0-dev,derived: pokemon_stat_canonical vs pokemon_stat_champions,internal://pokemon_stat_delta,2026-07-21 11:19:05.199378+00,0.0.0-dev
lucario-delta,lucario,448,0,0,0,0,0,0,0,0.0.0-dev,0.0.0-dev,derived: pokemon_stat_canonical vs pokemon_stat_champions,internal://pokemon_stat_delta,2026-07-21 11:19:05.199378+00,0.0.0-dev
hippowdon-delta,hippowdon,450,0,0,0,0,0,0,0,0.0.0-dev,0.0.0-dev,derived: pokemon_stat_canonical vs pokemon_stat_champions,internal://pokemon_stat_delta,2026-07-21 11:19:05.199378+00,0.0.0-dev
toxicroak-delta,toxicroak,454,0,0,0,0,0,0,0,0.0.0-dev,0.0.0-dev,derived: pokemon_stat_canonical vs pokemon_stat_champions,internal://pokemon_stat_delta,2026-07-21 11:19:05.199378+00,0.0.0-dev
abomasnow-delta,abomasnow,460,0,0,0,0,0,0,0,0.0.0-dev,0.0.0-dev,derived: pokemon_stat_canonical vs pokemon_stat_champions,internal://pokemon_stat_delta,2026-07-21 11:19:05.199378+00,0.0.0-dev
weavile-delta,weavile,461,0,0,0,0,0,0,0,0.0.0-dev,0.0.0-dev,derived: pokemon_stat_canonical vs pokemon_stat_champions,internal://pokemon_stat_delta,2026-07-21 11:19:05.199378+00,0.0.0-dev
rhyperior-delta,rhyperior,464,0,0,0,0,0,0,0,0.0.0-dev,0.0.0-dev,derived: pokemon_stat_canonical vs pokemon_stat_champions,internal://pokemon_stat_delta,2026-07-21 11:19:05.199378+00,0.0.0-dev
leafeon-delta,leafeon,470,0,0,0,0,0,0,0,0.0.0-dev,0.0.0-dev,derived: pokemon_stat_canonical vs pokemon_stat_champions,internal://pokemon_stat_delta,2026-07-21 11:19:05.199378+00,0.0.0-dev
glaceon-delta,glaceon,471,0,0,0,0,0,0,0,0.0.0-dev,0.0.0-dev,derived: pokemon_stat_canonical vs pokemon_stat_champions,internal://pokemon_stat_delta,2026-07-21 11:19:05.199378+00,0.0.0-dev
gliscor-delta,gliscor,472,0,0,0,0,0,0,0,0.0.0-dev,0.0.0-dev,derived: pokemon_stat_canonical vs pokemon_stat_champions,internal://pokemon_stat_delta,2026-07-21 11:19:05.199378+00,0.0.0-dev
mamoswine-delta,mamoswine,473,0,0,0,0,0,0,0,0.0.0-dev,0.0.0-dev,derived: pokemon_stat_canonical vs pokemon_stat_champions,internal://pokemon_stat_delta,2026-07-21 11:19:05.199378+00,0.0.0-dev
gallade-delta,gallade,475,0,0,0,0,0,0,0,0.0.0-dev,0.0.0-dev,derived: pokemon_stat_canonical vs pokemon_stat_champions,internal://pokemon_stat_delta,2026-07-21 11:19:05.199378+00,0.0.0-dev
froslass-delta,froslass,478,0,0,0,0,0,0,0,0.0.0-dev,0.0.0-dev,derived: pokemon_stat_canonical vs pokemon_stat_champions,internal://pokemon_stat_delta,2026-07-21 11:19:05.199378+00,0.0.0-dev
rotom-delta,rotom,479,0,0,0,0,0,0,0,0.0.0-dev,0.0.0-dev,derived: pokemon_stat_canonical vs pokemon_stat_champions,internal://pokemon_stat_delta,2026-07-21 11:19:05.199378+00,0.0.0-dev
serperior-delta,serperior,497,0,0,0,0,0,0,0,0.0.0-dev,0.0.0-dev,derived: pokemon_stat_canonical vs pokemon_stat_champions,internal://pokemon_stat_delta,2026-07-21 11:19:05.199378+00,0.0.0-dev
emboar-delta,emboar,500,0,0,0,0,0,0,0,0.0.0-dev,0.0.0-dev,derived: pokemon_stat_canonical vs pokemon_stat_champions,internal://pokemon_stat_delta,2026-07-21 11:19:05.199378+00,0.0.0-dev
samurott-delta,samurott,503,0,0,0,0,0,0,0,0.0.0-dev,0.0.0-dev,derived: pokemon_stat_canonical vs pokemon_stat_champions,internal://pokemon_stat_delta,2026-07-21 11:19:05.199378+00,0.0.0-dev
watchog-delta,watchog,505,0,0,0,0,0,0,0,0.0.0-dev,0.0.0-dev,derived: pokemon_stat_canonical vs pokemon_stat_champions,internal://pokemon_stat_delta,2026-07-21 11:19:05.199378+00,0.0.0-dev
liepard-delta,liepard,510,0,0,0,0,0,0,0,0.0.0-dev,0.0.0-dev,derived: pokemon_stat_canonical vs pokemon_stat_champions,internal://pokemon_stat_delta,2026-07-21 11:19:05.199378+00,0.0.0-dev
simisage-delta,simisage,512,0,0,0,0,0,0,0,0.0.0-dev,0.0.0-dev,derived: pokemon_stat_canonical vs pokemon_stat_champions,internal://pokemon_stat_delta,2026-07-21 11:19:05.199378+00,0.0.0-dev
simisear-delta,simisear,514,0,0,0,0,0,0,0,0.0.0-dev,0.0.0-dev,derived: pokemon_stat_canonical vs pokemon_stat_champions,internal://pokemon_stat_delta,2026-07-21 11:19:05.199378+00,0.0.0-dev
simipour-delta,simipour,516,0,0,0,0,0,0,0,0.0.0-dev,0.0.0-dev,derived: pokemon_stat_canonical vs pokemon_stat_champions,internal://pokemon_stat_delta,2026-07-21 11:19:05.199378+00,0.0.0-dev
musharna-delta,musharna,518,0,0,0,0,0,0,0,0.0.0-dev,0.0.0-dev,derived: pokemon_stat_canonical vs pokemon_stat_champions,internal://pokemon_stat_delta,2026-07-21 11:19:05.199378+00,0.0.0-dev
excadrill-delta,excadrill,530,0,0,0,0,0,0,0,0.0.0-dev,0.0.0-dev,derived: pokemon_stat_canonical vs pokemon_stat_champions,internal://pokemon_stat_delta,2026-07-21 11:19:05.199378+00,0.0.0-dev
audino-delta,audino,531,0,0,0,0,0,0,0,0.0.0-dev,0.0.0-dev,derived: pokemon_stat_canonical vs pokemon_stat_champions,internal://pokemon_stat_delta,2026-07-21 11:19:05.199378+00,0.0.0-dev
conkeldurr-delta,conkeldurr,534,0,0,0,0,0,0,0,0.0.0-dev,0.0.0-dev,derived: pokemon_stat_canonical vs pokemon_stat_champions,internal://pokemon_stat_delta,2026-07-21 11:19:05.199378+00,0.0.0-dev
scolipede-delta,scolipede,545,0,0,0,0,0,0,0,0.0.0-dev,0.0.0-dev,derived: pokemon_stat_canonical vs pokemon_stat_champions,internal://pokemon_stat_delta,2026-07-21 11:19:05.199378+00,0.0.0-dev
whimsicott-delta,whimsicott,547,0,0,0,0,0,0,0,0.0.0-dev,0.0.0-dev,derived: pokemon_stat_canonical vs pokemon_stat_champions,internal://pokemon_stat_delta,2026-07-21 11:19:05.199378+00,0.0.0-dev
krookodile-delta,krookodile,553,0,0,0,0,0,0,0,0.0.0-dev,0.0.0-dev,derived: pokemon_stat_canonical vs pokemon_stat_champions,internal://pokemon_stat_delta,2026-07-21 11:19:05.199378+00,0.0.0-dev
scrafty-delta,scrafty,560,0,0,0,0,0,0,0,0.0.0-dev,0.0.0-dev,derived: pokemon_stat_canonical vs pokemon_stat_champions,internal://pokemon_stat_delta,2026-07-21 11:19:05.199378+00,0.0.0-dev
cofagrigus-delta,cofagrigus,563,0,0,0,0,0,0,0,0.0.0-dev,0.0.0-dev,derived: pokemon_stat_canonical vs pokemon_stat_champions,internal://pokemon_stat_delta,2026-07-21 11:19:05.199378+00,0.0.0-dev
garbodor-delta,garbodor,569,0,0,0,0,0,0,0,0.0.0-dev,0.0.0-dev,derived: pokemon_stat_canonical vs pokemon_stat_champions,internal://pokemon_stat_delta,2026-07-21 11:19:05.199378+00,0.0.0-dev
zoroark-delta,zoroark,571,0,0,0,0,0,0,0,0.0.0-dev,0.0.0-dev,derived: pokemon_stat_canonical vs pokemon_stat_champions,internal://pokemon_stat_delta,2026-07-21 11:19:05.199378+00,0.0.0-dev
reuniclus-delta,reuniclus,579,0,0,0,0,0,0,0,0.0.0-dev,0.0.0-dev,derived: pokemon_stat_canonical vs pokemon_stat_champions,internal://pokemon_stat_delta,2026-07-21 11:19:05.199378+00,0.0.0-dev
vanilluxe-delta,vanilluxe,584,0,0,0,0,0,0,0,0.0.0-dev,0.0.0-dev,derived: pokemon_stat_canonical vs pokemon_stat_champions,internal://pokemon_stat_delta,2026-07-21 11:19:05.199378+00,0.0.0-dev
emolga-delta,emolga,587,0,0,0,0,0,0,0,0.0.0-dev,0.0.0-dev,derived: pokemon_stat_canonical vs pokemon_stat_champions,internal://pokemon_stat_delta,2026-07-21 11:19:05.199378+00,0.0.0-dev
eelektross-delta,eelektross,604,0,0,0,0,0,0,0,0.0.0-dev,0.0.0-dev,derived: pokemon_stat_canonical vs pokemon_stat_champions,internal://pokemon_stat_delta,2026-07-21 11:19:05.199378+00,0.0.0-dev
chandelure-delta,chandelure,609,0,0,0,0,0,0,0,0.0.0-dev,0.0.0-dev,derived: pokemon_stat_canonical vs pokemon_stat_champions,internal://pokemon_stat_delta,2026-07-21 11:19:05.199378+00,0.0.0-dev
beartic-delta,beartic,614,0,0,0,0,0,0,0,0.0.0-dev,0.0.0-dev,derived: pokemon_stat_canonical vs pokemon_stat_champions,internal://pokemon_stat_delta,2026-07-21 11:19:05.199378+00,0.0.0-dev
stunfisk-delta,stunfisk,618,0,0,0,0,0,0,0,0.0.0-dev,0.0.0-dev,derived: pokemon_stat_canonical vs pokemon_stat_champions,internal://pokemon_stat_delta,2026-07-21 11:19:05.199378+00,0.0.0-dev
golurk-delta,golurk,623,0,0,0,0,0,0,0,0.0.0-dev,0.0.0-dev,derived: pokemon_stat_canonical vs pokemon_stat_champions,internal://pokemon_stat_delta,2026-07-21 11:19:05.199378+00,0.0.0-dev
hydreigon-delta,hydreigon,635,0,0,0,0,0,0,0,0.0.0-dev,0.0.0-dev,derived: pokemon_stat_canonical vs pokemon_stat_champions,internal://pokemon_stat_delta,2026-07-21 11:19:05.199378+00,0.0.0-dev
volcarona-delta,volcarona,637,0,0,0,0,0,0,0,0.0.0-dev,0.0.0-dev,derived: pokemon_stat_canonical vs pokemon_stat_champions,internal://pokemon_stat_delta,2026-07-21 11:19:05.199378+00,0.0.0-dev
chesnaught-delta,chesnaught,652,0,0,0,0,0,0,0,0.0.0-dev,0.0.0-dev,derived: pokemon_stat_canonical vs pokemon_stat_champions,internal://pokemon_stat_delta,2026-07-21 11:19:05.199378+00,0.0.0-dev
delphox-delta,delphox,655,0,0,0,0,0,0,0,0.0.0-dev,0.0.0-dev,derived: pokemon_stat_canonical vs pokemon_stat_champions,internal://pokemon_stat_delta,2026-07-21 11:19:05.199378+00,0.0.0-dev
greninja-delta,greninja,658,0,0,0,0,0,0,0,0.0.0-dev,0.0.0-dev,derived: pokemon_stat_canonical vs pokemon_stat_champions,internal://pokemon_stat_delta,2026-07-21 11:19:05.199378+00,0.0.0-dev
diggersby-delta,diggersby,660,0,0,0,0,0,0,0,0.0.0-dev,0.0.0-dev,derived: pokemon_stat_canonical vs pokemon_stat_champions,internal://pokemon_stat_delta,2026-07-21 11:19:05.199378+00,0.0.0-dev
talonflame-delta,talonflame,663,0,0,0,0,0,0,0,0.0.0-dev,0.0.0-dev,derived: pokemon_stat_canonical vs pokemon_stat_champions,internal://pokemon_stat_delta,2026-07-21 11:19:05.199378+00,0.0.0-dev
vivillon-delta,vivillon,666,0,0,0,0,0,0,0,0.0.0-dev,0.0.0-dev,derived: pokemon_stat_canonical vs pokemon_stat_champions,internal://pokemon_stat_delta,2026-07-21 11:19:05.199378+00,0.0.0-dev
pyroar-male-delta,pyroar-male,668,0,0,0,0,0,0,0,0.0.0-dev,0.0.0-dev,derived: pokemon_stat_canonical vs pokemon_stat_champions,internal://pokemon_stat_delta,2026-07-21 11:19:05.199378+00,0.0.0-dev
florges-delta,florges,671,0,0,0,0,0,0,0,0.0.0-dev,0.0.0-dev,derived: pokemon_stat_canonical vs pokemon_stat_champions,internal://pokemon_stat_delta,2026-07-21 11:19:05.199378+00,0.0.0-dev
pangoro-delta,pangoro,675,0,0,0,0,0,0,0,0.0.0-dev,0.0.0-dev,derived: pokemon_stat_canonical vs pokemon_stat_champions,internal://pokemon_stat_delta,2026-07-21 11:19:05.199378+00,0.0.0-dev
furfrou-delta,furfrou,676,0,0,0,0,0,0,0,0.0.0-dev,0.0.0-dev,derived: pokemon_stat_canonical vs pokemon_stat_champions,internal://pokemon_stat_delta,2026-07-21 11:19:05.199378+00,0.0.0-dev
meowstic-male-delta,meowstic-male,678,0,0,0,0,0,0,0,0.0.0-dev,0.0.0-dev,derived: pokemon_stat_canonical vs pokemon_stat_champions,internal://pokemon_stat_delta,2026-07-21 11:19:05.199378+00,0.0.0-dev
aegislash-shield-delta,aegislash-shield,681,0,0,0,0,0,0,0,0.0.0-dev,0.0.0-dev,derived: pokemon_stat_canonical vs pokemon_stat_champions,internal://pokemon_stat_delta,2026-07-21 11:19:05.199378+00,0.0.0-dev
aromatisse-delta,aromatisse,683,0,0,0,0,0,0,0,0.0.0-dev,0.0.0-dev,derived: pokemon_stat_canonical vs pokemon_stat_champions,internal://pokemon_stat_delta,2026-07-21 11:19:05.199378+00,0.0.0-dev
slurpuff-delta,slurpuff,685,0,0,0,0,0,0,0,0.0.0-dev,0.0.0-dev,derived: pokemon_stat_canonical vs pokemon_stat_champions,internal://pokemon_stat_delta,2026-07-21 11:19:05.199378+00,0.0.0-dev
malamar-delta,malamar,687,0,0,0,0,0,0,0,0.0.0-dev,0.0.0-dev,derived: pokemon_stat_canonical vs pokemon_stat_champions,internal://pokemon_stat_delta,2026-07-21 11:19:05.199378+00,0.0.0-dev
barbaracle-delta,barbaracle,689,0,0,0,0,0,0,0,0.0.0-dev,0.0.0-dev,derived: pokemon_stat_canonical vs pokemon_stat_champions,internal://pokemon_stat_delta,2026-07-21 11:19:05.199378+00,0.0.0-dev
dragalge-delta,dragalge,691,0,0,0,0,0,0,0,0.0.0-dev,0.0.0-dev,derived: pokemon_stat_canonical vs pokemon_stat_champions,internal://pokemon_stat_delta,2026-07-21 11:19:05.199378+00,0.0.0-dev
clawitzer-delta,clawitzer,693,0,0,0,0,0,0,0,0.0.0-dev,0.0.0-dev,derived: pokemon_stat_canonical vs pokemon_stat_champions,internal://pokemon_stat_delta,2026-07-21 11:19:05.199378+00,0.0.0-dev
heliolisk-delta,heliolisk,695,0,0,0,0,0,0,0,0.0.0-dev,0.0.0-dev,derived: pokemon_stat_canonical vs pokemon_stat_champions,internal://pokemon_stat_delta,2026-07-21 11:19:05.199378+00,0.0.0-dev
tyrantrum-delta,tyrantrum,697,0,0,0,0,0,0,0,0.0.0-dev,0.0.0-dev,derived: pokemon_stat_canonical vs pokemon_stat_champions,internal://pokemon_stat_delta,2026-07-21 11:19:05.199378+00,0.0.0-dev
aurorus-delta,aurorus,699,0,0,0,0,0,0,0,0.0.0-dev,0.0.0-dev,derived: pokemon_stat_canonical vs pokemon_stat_champions,internal://pokemon_stat_delta,2026-07-21 11:19:05.199378+00,0.0.0-dev
sylveon-delta,sylveon,700,0,0,0,0,0,0,0,0.0.0-dev,0.0.0-dev,derived: pokemon_stat_canonical vs pokemon_stat_champions,internal://pokemon_stat_delta,2026-07-21 11:19:05.199378+00,0.0.0-dev
hawlucha-delta,hawlucha,701,0,0,0,0,0,0,0,0.0.0-dev,0.0.0-dev,derived: pokemon_stat_canonical vs pokemon_stat_champions,internal://pokemon_stat_delta,2026-07-21 11:19:05.199378+00,0.0.0-dev
dedenne-delta,dedenne,702,0,0,0,0,0,0,0,0.0.0-dev,0.0.0-dev,derived: pokemon_stat_canonical vs pokemon_stat_champions,internal://pokemon_stat_delta,2026-07-21 11:19:05.199378+00,0.0.0-dev
goodra-delta,goodra,706,0,0,0,0,0,0,0,0.0.0-dev,0.0.0-dev,derived: pokemon_stat_canonical vs pokemon_stat_champions,internal://pokemon_stat_delta,2026-07-21 11:19:05.199378+00,0.0.0-dev
klefki-delta,klefki,707,0,0,0,0,0,0,0,0.0.0-dev,0.0.0-dev,derived: pokemon_stat_canonical vs pokemon_stat_champions,internal://pokemon_stat_delta,2026-07-21 11:19:05.199378+00,0.0.0-dev
trevenant-delta,trevenant,709,0,0,0,0,0,0,0,0.0.0-dev,0.0.0-dev,derived: pokemon_stat_canonical vs pokemon_stat_champions,internal://pokemon_stat_delta,2026-07-21 11:19:05.199378+00,0.0.0-dev
gourgeist-average-delta,gourgeist-average,711,0,0,0,0,0,0,0,0.0.0-dev,0.0.0-dev,derived: pokemon_stat_canonical vs pokemon_stat_champions,internal://pokemon_stat_delta,2026-07-21 11:19:05.199378+00,0.0.0-dev
avalugg-delta,avalugg,713,0,0,0,0,0,0,0,0.0.0-dev,0.0.0-dev,derived: pokemon_stat_canonical vs pokemon_stat_champions,internal://pokemon_stat_delta,2026-07-21 11:19:05.199378+00,0.0.0-dev
noivern-delta,noivern,715,0,0,0,0,0,0,0,0.0.0-dev,0.0.0-dev,derived: pokemon_stat_canonical vs pokemon_stat_champions,internal://pokemon_stat_delta,2026-07-21 11:19:05.199378+00,0.0.0-dev
decidueye-delta,decidueye,724,0,0,0,0,0,0,0,0.0.0-dev,0.0.0-dev,derived: pokemon_stat_canonical vs pokemon_stat_champions,internal://pokemon_stat_delta,2026-07-21 11:19:05.199378+00,0.0.0-dev
incineroar-delta,incineroar,727,0,0,0,0,0,0,0,0.0.0-dev,0.0.0-dev,derived: pokemon_stat_canonical vs pokemon_stat_champions,internal://pokemon_stat_delta,2026-07-21 11:19:05.199378+00,0.0.0-dev
primarina-delta,primarina,730,0,0,0,0,0,0,0,0.0.0-dev,0.0.0-dev,derived: pokemon_stat_canonical vs pokemon_stat_champions,internal://pokemon_stat_delta,2026-07-21 11:19:05.199378+00,0.0.0-dev
toucannon-delta,toucannon,733,0,0,0,0,0,0,0,0.0.0-dev,0.0.0-dev,derived: pokemon_stat_canonical vs pokemon_stat_champions,internal://pokemon_stat_delta,2026-07-21 11:19:05.199378+00,0.0.0-dev
crabominable-delta,crabominable,740,0,0,0,0,0,0,0,0.0.0-dev,0.0.0-dev,derived: pokemon_stat_canonical vs pokemon_stat_champions,internal://pokemon_stat_delta,2026-07-21 11:19:05.199378+00,0.0.0-dev
lycanroc-midday-delta,lycanroc-midday,745,0,0,0,0,0,0,0,0.0.0-dev,0.0.0-dev,derived: pokemon_stat_canonical vs pokemon_stat_champions,internal://pokemon_stat_delta,2026-07-21 11:19:05.199378+00,0.0.0-dev
toxapex-delta,toxapex,748,0,0,0,0,0,0,0,0.0.0-dev,0.0.0-dev,derived: pokemon_stat_canonical vs pokemon_stat_champions,internal://pokemon_stat_delta,2026-07-21 11:19:05.199378+00,0.0.0-dev
mudsdale-delta,mudsdale,750,0,0,0,0,0,0,0,0.0.0-dev,0.0.0-dev,derived: pokemon_stat_canonical vs pokemon_stat_champions,internal://pokemon_stat_delta,2026-07-21 11:19:05.199378+00,0.0.0-dev
araquanid-delta,araquanid,752,0,0,0,0,0,0,0,0.0.0-dev,0.0.0-dev,derived: pokemon_stat_canonical vs pokemon_stat_champions,internal://pokemon_stat_delta,2026-07-21 11:19:05.199378+00,0.0.0-dev
salazzle-delta,salazzle,758,0,0,0,0,0,0,0,0.0.0-dev,0.0.0-dev,derived: pokemon_stat_canonical vs pokemon_stat_champions,internal://pokemon_stat_delta,2026-07-21 11:19:05.199378+00,0.0.0-dev
tsareena-delta,tsareena,763,0,0,0,0,0,0,0,0.0.0-dev,0.0.0-dev,derived: pokemon_stat_canonical vs pokemon_stat_champions,internal://pokemon_stat_delta,2026-07-21 11:19:05.199378+00,0.0.0-dev
oranguru-delta,oranguru,765,0,0,0,0,0,0,0,0.0.0-dev,0.0.0-dev,derived: pokemon_stat_canonical vs pokemon_stat_champions,internal://pokemon_stat_delta,2026-07-21 11:19:05.199378+00,0.0.0-dev
passimian-delta,passimian,766,0,0,0,0,0,0,0,0.0.0-dev,0.0.0-dev,derived: pokemon_stat_canonical vs pokemon_stat_champions,internal://pokemon_stat_delta,2026-07-21 11:19:05.199378+00,0.0.0-dev
mimikyu-disguised-delta,mimikyu-disguised,778,0,0,0,0,0,0,0,0.0.0-dev,0.0.0-dev,derived: pokemon_stat_canonical vs pokemon_stat_champions,internal://pokemon_stat_delta,2026-07-21 11:19:05.199378+00,0.0.0-dev
drampa-delta,drampa,780,0,0,0,0,0,0,0,0.0.0-dev,0.0.0-dev,derived: pokemon_stat_canonical vs pokemon_stat_champions,internal://pokemon_stat_delta,2026-07-21 11:19:05.199378+00,0.0.0-dev
kommo-o-delta,kommo-o,784,0,0,0,0,0,0,0,0.0.0-dev,0.0.0-dev,derived: pokemon_stat_canonical vs pokemon_stat_champions,internal://pokemon_stat_delta,2026-07-21 11:19:05.199378+00,0.0.0-dev
corviknight-delta,corviknight,823,0,0,0,0,0,0,0,0.0.0-dev,0.0.0-dev,derived: pokemon_stat_canonical vs pokemon_stat_champions,internal://pokemon_stat_delta,2026-07-21 11:19:05.199378+00,0.0.0-dev
flapple-delta,flapple,841,0,0,0,0,0,0,0,0.0.0-dev,0.0.0-dev,derived: pokemon_stat_canonical vs pokemon_stat_champions,internal://pokemon_stat_delta,2026-07-21 11:19:05.199378+00,0.0.0-dev
appletun-delta,appletun,842,0,0,0,0,0,0,0,0.0.0-dev,0.0.0-dev,derived: pokemon_stat_canonical vs pokemon_stat_champions,internal://pokemon_stat_delta,2026-07-21 11:19:05.199378+00,0.0.0-dev
sandaconda-delta,sandaconda,844,0,0,0,0,0,0,0,0.0.0-dev,0.0.0-dev,derived: pokemon_stat_canonical vs pokemon_stat_champions,internal://pokemon_stat_delta,2026-07-21 11:19:05.199378+00,0.0.0-dev
polteageist-delta,polteageist,855,0,0,0,0,0,0,0,0.0.0-dev,0.0.0-dev,derived: pokemon_stat_canonical vs pokemon_stat_champions,internal://pokemon_stat_delta,2026-07-21 11:19:05.199378+00,0.0.0-dev
hatterene-delta,hatterene,858,0,0,0,0,0,0,0,0.0.0-dev,0.0.0-dev,derived: pokemon_stat_canonical vs pokemon_stat_champions,internal://pokemon_stat_delta,2026-07-21 11:19:05.199378+00,0.0.0-dev
grimmsnarl-delta,grimmsnarl,861,0,0,0,0,0,0,0,0.0.0-dev,0.0.0-dev,derived: pokemon_stat_canonical vs pokemon_stat_champions,internal://pokemon_stat_delta,2026-07-21 11:19:05.199378+00,0.0.0-dev
mr-rime-delta,mr-rime,866,0,0,0,0,0,0,0,0.0.0-dev,0.0.0-dev,derived: pokemon_stat_canonical vs pokemon_stat_champions,internal://pokemon_stat_delta,2026-07-21 11:19:05.199378+00,0.0.0-dev
runerigus-delta,runerigus,867,0,0,0,0,0,0,0,0.0.0-dev,0.0.0-dev,derived: pokemon_stat_canonical vs pokemon_stat_champions,internal://pokemon_stat_delta,2026-07-21 11:19:05.199378+00,0.0.0-dev
alcremie-delta,alcremie,869,0,0,0,0,0,0,0,0.0.0-dev,0.0.0-dev,derived: pokemon_stat_canonical vs pokemon_stat_champions,internal://pokemon_stat_delta,2026-07-21 11:19:05.199378+00,0.0.0-dev
falinks-delta,falinks,870,0,0,0,0,0,0,0,0.0.0-dev,0.0.0-dev,derived: pokemon_stat_canonical vs pokemon_stat_champions,internal://pokemon_stat_delta,2026-07-21 11:19:05.199378+00,0.0.0-dev
morpeko-full-belly-delta,morpeko-full-belly,877,0,0,0,0,0,0,0,0.0.0-dev,0.0.0-dev,derived: pokemon_stat_canonical vs pokemon_stat_champions,internal://pokemon_stat_delta,2026-07-21 11:19:05.199378+00,0.0.0-dev
dragapult-delta,dragapult,887,0,0,0,0,0,0,0,0.0.0-dev,0.0.0-dev,derived: pokemon_stat_canonical vs pokemon_stat_champions,internal://pokemon_stat_delta,2026-07-21 11:19:05.199378+00,0.0.0-dev
wyrdeer-delta,wyrdeer,899,0,0,0,0,0,0,0,0.0.0-dev,0.0.0-dev,derived: pokemon_stat_canonical vs pokemon_stat_champions,internal://pokemon_stat_delta,2026-07-21 11:19:05.199378+00,0.0.0-dev
kleavor-delta,kleavor,900,0,0,0,0,0,0,0,0.0.0-dev,0.0.0-dev,derived: pokemon_stat_canonical vs pokemon_stat_champions,internal://pokemon_stat_delta,2026-07-21 11:19:05.199378+00,0.0.0-dev
basculegion-male-delta,basculegion-male,902,0,0,0,0,0,0,0,0.0.0-dev,0.0.0-dev,derived: pokemon_stat_canonical vs pokemon_stat_champions,internal://pokemon_stat_delta,2026-07-21 11:19:05.199378+00,0.0.0-dev
sneasler-delta,sneasler,903,0,0,0,0,0,0,0,0.0.0-dev,0.0.0-dev,derived: pokemon_stat_canonical vs pokemon_stat_champions,internal://pokemon_stat_delta,2026-07-21 11:19:05.199378+00,0.0.0-dev
overqwil-delta,overqwil,904,0,0,0,0,0,0,0,0.0.0-dev,0.0.0-dev,derived: pokemon_stat_canonical vs pokemon_stat_champions,internal://pokemon_stat_delta,2026-07-21 11:19:05.199378+00,0.0.0-dev
meowscarada-delta,meowscarada,908,0,0,0,0,0,0,0,0.0.0-dev,0.0.0-dev,derived: pokemon_stat_canonical vs pokemon_stat_champions,internal://pokemon_stat_delta,2026-07-21 11:19:05.199378+00,0.0.0-dev
skeledirge-delta,skeledirge,911,0,0,0,0,0,0,0,0.0.0-dev,0.0.0-dev,derived: pokemon_stat_canonical vs pokemon_stat_champions,internal://pokemon_stat_delta,2026-07-21 11:19:05.199378+00,0.0.0-dev
quaquaval-delta,quaquaval,914,0,0,0,0,0,0,0,0.0.0-dev,0.0.0-dev,derived: pokemon_stat_canonical vs pokemon_stat_champions,internal://pokemon_stat_delta,2026-07-21 11:19:05.199378+00,0.0.0-dev
maushold-family-of-four-delta,maushold-family-of-four,925,0,0,0,0,0,0,0,0.0.0-dev,0.0.0-dev,derived: pokemon_stat_canonical vs pokemon_stat_champions,internal://pokemon_stat_delta,2026-07-21 11:19:05.199378+00,0.0.0-dev
garganacl-delta,garganacl,934,0,0,0,0,0,0,0,0.0.0-dev,0.0.0-dev,derived: pokemon_stat_canonical vs pokemon_stat_champions,internal://pokemon_stat_delta,2026-07-21 11:19:05.199378+00,0.0.0-dev
armarouge-delta,armarouge,936,0,0,0,0,0,0,0,0.0.0-dev,0.0.0-dev,derived: pokemon_stat_canonical vs pokemon_stat_champions,internal://pokemon_stat_delta,2026-07-21 11:19:05.199378+00,0.0.0-dev
ceruledge-delta,ceruledge,937,0,0,0,0,0,0,0,0.0.0-dev,0.0.0-dev,derived: pokemon_stat_canonical vs pokemon_stat_champions,internal://pokemon_stat_delta,2026-07-21 11:19:05.199378+00,0.0.0-dev
bellibolt-delta,bellibolt,939,0,0,0,0,0,0,0,0.0.0-dev,0.0.0-dev,derived: pokemon_stat_canonical vs pokemon_stat_champions,internal://pokemon_stat_delta,2026-07-21 11:19:05.199378+00,0.0.0-dev
scovillain-delta,scovillain,952,0,0,0,0,0,0,0,0.0.0-dev,0.0.0-dev,derived: pokemon_stat_canonical vs pokemon_stat_champions,internal://pokemon_stat_delta,2026-07-21 11:19:05.199378+00,0.0.0-dev
espathra-delta,espathra,956,0,0,0,0,0,0,0,0.0.0-dev,0.0.0-dev,derived: pokemon_stat_canonical vs pokemon_stat_champions,internal://pokemon_stat_delta,2026-07-21 11:19:05.199378+00,0.0.0-dev
tinkaton-delta,tinkaton,959,0,0,0,0,0,0,0,0.0.0-dev,0.0.0-dev,derived: pokemon_stat_canonical vs pokemon_stat_champions,internal://pokemon_stat_delta,2026-07-21 11:19:05.199378+00,0.0.0-dev
palafin-zero-delta,palafin-zero,964,0,0,0,0,0,0,0,0.0.0-dev,0.0.0-dev,derived: pokemon_stat_canonical vs pokemon_stat_champions,internal://pokemon_stat_delta,2026-07-21 11:19:05.199378+00,0.0.0-dev
orthworm-delta,orthworm,968,0,0,0,0,0,0,0,0.0.0-dev,0.0.0-dev,derived: pokemon_stat_canonical vs pokemon_stat_champions,internal://pokemon_stat_delta,2026-07-21 11:19:05.199378+00,0.0.0-dev
glimmora-delta,glimmora,970,0,0,0,0,0,0,0,0.0.0-dev,0.0.0-dev,derived: pokemon_stat_canonical vs pokemon_stat_champions,internal://pokemon_stat_delta,2026-07-21 11:19:05.199378+00,0.0.0-dev
houndstone-delta,houndstone,972,0,0,0,0,0,0,0,0.0.0-dev,0.0.0-dev,derived: pokemon_stat_canonical vs pokemon_stat_champions,internal://pokemon_stat_delta,2026-07-21 11:19:05.199378+00,0.0.0-dev
annihilape-delta,annihilape,979,0,0,0,0,0,0,0,0.0.0-dev,0.0.0-dev,derived: pokemon_stat_canonical vs pokemon_stat_champions,internal://pokemon_stat_delta,2026-07-21 11:19:05.199378+00,0.0.0-dev
farigiraf-delta,farigiraf,981,0,0,0,0,0,0,0,0.0.0-dev,0.0.0-dev,derived: pokemon_stat_canonical vs pokemon_stat_champions,internal://pokemon_stat_delta,2026-07-21 11:19:05.199378+00,0.0.0-dev
kingambit-delta,kingambit,983,0,0,0,0,0,0,0,0.0.0-dev,0.0.0-dev,derived: pokemon_stat_canonical vs pokemon_stat_champions,internal://pokemon_stat_delta,2026-07-21 11:19:05.199378+00,0.0.0-dev
gholdengo-delta,gholdengo,1000,0,0,0,0,0,0,0,0.0.0-dev,0.0.0-dev,derived: pokemon_stat_canonical vs pokemon_stat_champions,internal://pokemon_stat_delta,2026-07-21 11:19:05.199378+00,0.0.0-dev
sinistcha-delta,sinistcha,1013,0,0,0,0,0,0,0,0.0.0-dev,0.0.0-dev,derived: pokemon_stat_canonical vs pokemon_stat_champions,internal://pokemon_stat_delta,2026-07-21 11:19:05.199378+00,0.0.0-dev
archaludon-delta,archaludon,1018,0,0,0,0,0,0,0,0.0.0-dev,0.0.0-dev,derived: pokemon_stat_canonical vs pokemon_stat_champions,internal://pokemon_stat_delta,2026-07-21 11:19:05.199378+00,0.0.0-dev
hydrapple-delta,hydrapple,1019,0,0,0,0,0,0,0,0.0.0-dev,0.0.0-dev,derived: pokemon_stat_canonical vs pokemon_stat_champions,internal://pokemon_stat_delta,2026-07-21 11:19:05.199378+00,0.0.0-dev
rotom-heat-delta,rotom-heat,479,0,0,0,0,0,0,0,0.0.0-dev,0.0.0-dev,derived: pokemon_stat_canonical vs pokemon_stat_champions,internal://pokemon_stat_delta,2026-07-21 11:19:05.199378+00,0.0.0-dev
rotom-wash-delta,rotom-wash,479,0,0,0,0,0,0,0,0.0.0-dev,0.0.0-dev,derived: pokemon_stat_canonical vs pokemon_stat_champions,internal://pokemon_stat_delta,2026-07-21 11:19:05.199378+00,0.0.0-dev
rotom-frost-delta,rotom-frost,479,0,0,0,0,0,0,0,0.0.0-dev,0.0.0-dev,derived: pokemon_stat_canonical vs pokemon_stat_champions,internal://pokemon_stat_delta,2026-07-21 11:19:05.199378+00,0.0.0-dev
rotom-fan-delta,rotom-fan,479,0,0,0,0,0,0,0,0.0.0-dev,0.0.0-dev,derived: pokemon_stat_canonical vs pokemon_stat_champions,internal://pokemon_stat_delta,2026-07-21 11:19:05.199378+00,0.0.0-dev
rotom-mow-delta,rotom-mow,479,0,0,0,0,0,0,0,0.0.0-dev,0.0.0-dev,derived: pokemon_stat_canonical vs pokemon_stat_champions,internal://pokemon_stat_delta,2026-07-21 11:19:05.199378+00,0.0.0-dev
meowstic-female-delta,meowstic-female,678,0,0,0,0,0,0,0,0.0.0-dev,0.0.0-dev,derived: pokemon_stat_canonical vs pokemon_stat_champions,internal://pokemon_stat_delta,2026-07-21 11:19:05.199378+00,0.0.0-dev
aegislash-blade-delta,aegislash-blade,681,0,0,0,0,0,0,0,0.0.0-dev,0.0.0-dev,derived: pokemon_stat_canonical vs pokemon_stat_champions,internal://pokemon_stat_delta,2026-07-21 11:19:05.199378+00,0.0.0-dev
gourgeist-small-delta,gourgeist-small,711,0,0,0,0,0,0,0,0.0.0-dev,0.0.0-dev,derived: pokemon_stat_canonical vs pokemon_stat_champions,internal://pokemon_stat_delta,2026-07-21 11:19:05.199378+00,0.0.0-dev
gourgeist-large-delta,gourgeist-large,711,0,0,0,0,0,0,0,0.0.0-dev,0.0.0-dev,derived: pokemon_stat_canonical vs pokemon_stat_champions,internal://pokemon_stat_delta,2026-07-21 11:19:05.199378+00,0.0.0-dev
gourgeist-super-delta,gourgeist-super,711,0,0,0,0,0,0,0,0.0.0-dev,0.0.0-dev,derived: pokemon_stat_canonical vs pokemon_stat_champions,internal://pokemon_stat_delta,2026-07-21 11:19:05.199378+00,0.0.0-dev
venusaur-mega-delta,venusaur-mega,3,0,0,0,0,0,0,0,0.0.0-dev,0.0.0-dev,derived: pokemon_stat_canonical vs pokemon_stat_champions,internal://pokemon_stat_delta,2026-07-21 11:19:05.199378+00,0.0.0-dev
charizard-mega-x-delta,charizard-mega-x,6,0,0,0,0,0,0,0,0.0.0-dev,0.0.0-dev,derived: pokemon_stat_canonical vs pokemon_stat_champions,internal://pokemon_stat_delta,2026-07-21 11:19:05.199378+00,0.0.0-dev
charizard-mega-y-delta,charizard-mega-y,6,0,0,0,0,0,0,0,0.0.0-dev,0.0.0-dev,derived: pokemon_stat_canonical vs pokemon_stat_champions,internal://pokemon_stat_delta,2026-07-21 11:19:05.199378+00,0.0.0-dev
blastoise-mega-delta,blastoise-mega,9,0,0,0,0,0,0,0,0.0.0-dev,0.0.0-dev,derived: pokemon_stat_canonical vs pokemon_stat_champions,internal://pokemon_stat_delta,2026-07-21 11:19:05.199378+00,0.0.0-dev
alakazam-mega-delta,alakazam-mega,65,0,0,0,0,0,0,0,0.0.0-dev,0.0.0-dev,derived: pokemon_stat_canonical vs pokemon_stat_champions,internal://pokemon_stat_delta,2026-07-21 11:19:05.199378+00,0.0.0-dev
gengar-mega-delta,gengar-mega,94,0,0,0,0,0,0,0,0.0.0-dev,0.0.0-dev,derived: pokemon_stat_canonical vs pokemon_stat_champions,internal://pokemon_stat_delta,2026-07-21 11:19:05.199378+00,0.0.0-dev
kangaskhan-mega-delta,kangaskhan-mega,115,0,0,0,0,0,0,0,0.0.0-dev,0.0.0-dev,derived: pokemon_stat_canonical vs pokemon_stat_champions,internal://pokemon_stat_delta,2026-07-21 11:19:05.199378+00,0.0.0-dev
pinsir-mega-delta,pinsir-mega,127,0,0,0,0,0,0,0,0.0.0-dev,0.0.0-dev,derived: pokemon_stat_canonical vs pokemon_stat_champions,internal://pokemon_stat_delta,2026-07-21 11:19:05.199378+00,0.0.0-dev
gyarados-mega-delta,gyarados-mega,130,0,0,0,0,0,0,0,0.0.0-dev,0.0.0-dev,derived: pokemon_stat_canonical vs pokemon_stat_champions,internal://pokemon_stat_delta,2026-07-21 11:19:05.199378+00,0.0.0-dev
aerodactyl-mega-delta,aerodactyl-mega,142,0,0,0,0,0,0,0,0.0.0-dev,0.0.0-dev,derived: pokemon_stat_canonical vs pokemon_stat_champions,internal://pokemon_stat_delta,2026-07-21 11:19:05.199378+00,0.0.0-dev
ampharos-mega-delta,ampharos-mega,181,0,0,0,0,0,0,0,0.0.0-dev,0.0.0-dev,derived: pokemon_stat_canonical vs pokemon_stat_champions,internal://pokemon_stat_delta,2026-07-21 11:19:05.199378+00,0.0.0-dev
scizor-mega-delta,scizor-mega,212,0,0,0,0,0,0,0,0.0.0-dev,0.0.0-dev,derived: pokemon_stat_canonical vs pokemon_stat_champions,internal://pokemon_stat_delta,2026-07-21 11:19:05.199378+00,0.0.0-dev
heracross-mega-delta,heracross-mega,214,0,0,0,0,0,0,0,0.0.0-dev,0.0.0-dev,derived: pokemon_stat_canonical vs pokemon_stat_champions,internal://pokemon_stat_delta,2026-07-21 11:19:05.199378+00,0.0.0-dev
houndoom-mega-delta,houndoom-mega,229,0,0,0,0,0,0,0,0.0.0-dev,0.0.0-dev,derived: pokemon_stat_canonical vs pokemon_stat_champions,internal://pokemon_stat_delta,2026-07-21 11:19:05.199378+00,0.0.0-dev
tyranitar-mega-delta,tyranitar-mega,248,0,0,0,0,0,0,0,0.0.0-dev,0.0.0-dev,derived: pokemon_stat_canonical vs pokemon_stat_champions,internal://pokemon_stat_delta,2026-07-21 11:19:05.199378+00,0.0.0-dev
blaziken-mega-delta,blaziken-mega,257,0,0,0,0,0,0,0,0.0.0-dev,0.0.0-dev,derived: pokemon_stat_canonical vs pokemon_stat_champions,internal://pokemon_stat_delta,2026-07-21 11:19:05.199378+00,0.0.0-dev
gardevoir-mega-delta,gardevoir-mega,282,0,0,0,0,0,0,0,0.0.0-dev,0.0.0-dev,derived: pokemon_stat_canonical vs pokemon_stat_champions,internal://pokemon_stat_delta,2026-07-21 11:19:05.199378+00,0.0.0-dev
mawile-mega-delta,mawile-mega,303,0,0,0,0,0,0,0,0.0.0-dev,0.0.0-dev,derived: pokemon_stat_canonical vs pokemon_stat_champions,internal://pokemon_stat_delta,2026-07-21 11:19:05.199378+00,0.0.0-dev
aggron-mega-delta,aggron-mega,306,0,0,0,0,0,0,0,0.0.0-dev,0.0.0-dev,derived: pokemon_stat_canonical vs pokemon_stat_champions,internal://pokemon_stat_delta,2026-07-21 11:19:05.199378+00,0.0.0-dev
medicham-mega-delta,medicham-mega,308,0,0,0,0,0,0,0,0.0.0-dev,0.0.0-dev,derived: pokemon_stat_canonical vs pokemon_stat_champions,internal://pokemon_stat_delta,2026-07-21 11:19:05.199378+00,0.0.0-dev
manectric-mega-delta,manectric-mega,310,0,0,0,0,0,0,0,0.0.0-dev,0.0.0-dev,derived: pokemon_stat_canonical vs pokemon_stat_champions,internal://pokemon_stat_delta,2026-07-21 11:19:05.199378+00,0.0.0-dev
banette-mega-delta,banette-mega,354,0,0,0,0,0,0,0,0.0.0-dev,0.0.0-dev,derived: pokemon_stat_canonical vs pokemon_stat_champions,internal://pokemon_stat_delta,2026-07-21 11:19:05.199378+00,0.0.0-dev
absol-mega-delta,absol-mega,359,0,0,0,0,0,0,0,0.0.0-dev,0.0.0-dev,derived: pokemon_stat_canonical vs pokemon_stat_champions,internal://pokemon_stat_delta,2026-07-21 11:19:05.199378+00,0.0.0-dev
garchomp-mega-delta,garchomp-mega,445,0,0,0,0,0,0,0,0.0.0-dev,0.0.0-dev,derived: pokemon_stat_canonical vs pokemon_stat_champions,internal://pokemon_stat_delta,2026-07-21 11:19:05.199378+00,0.0.0-dev
lucario-mega-delta,lucario-mega,448,0,0,0,0,0,0,0,0.0.0-dev,0.0.0-dev,derived: pokemon_stat_canonical vs pokemon_stat_champions,internal://pokemon_stat_delta,2026-07-21 11:19:05.199378+00,0.0.0-dev
abomasnow-mega-delta,abomasnow-mega,460,0,0,0,0,0,0,0,0.0.0-dev,0.0.0-dev,derived: pokemon_stat_canonical vs pokemon_stat_champions,internal://pokemon_stat_delta,2026-07-21 11:19:05.199378+00,0.0.0-dev
floette-eternal-delta,floette-eternal,670,0,0,0,0,0,0,0,0.0.0-dev,0.0.0-dev,derived: pokemon_stat_canonical vs pokemon_stat_champions,internal://pokemon_stat_delta,2026-07-21 11:19:05.199378+00,0.0.0-dev
swampert-mega-delta,swampert-mega,260,0,0,0,0,0,0,0,0.0.0-dev,0.0.0-dev,derived: pokemon_stat_canonical vs pokemon_stat_champions,internal://pokemon_stat_delta,2026-07-21 11:19:05.199378+00,0.0.0-dev
sceptile-mega-delta,sceptile-mega,254,0,0,0,0,0,0,0,0.0.0-dev,0.0.0-dev,derived: pokemon_stat_canonical vs pokemon_stat_champions,internal://pokemon_stat_delta,2026-07-21 11:19:05.199378+00,0.0.0-dev
sableye-mega-delta,sableye-mega,302,0,0,0,0,0,0,0,0.0.0-dev,0.0.0-dev,derived: pokemon_stat_canonical vs pokemon_stat_champions,internal://pokemon_stat_delta,2026-07-21 11:19:05.199378+00,0.0.0-dev
altaria-mega-delta,altaria-mega,334,0,0,0,0,0,0,0,0.0.0-dev,0.0.0-dev,derived: pokemon_stat_canonical vs pokemon_stat_champions,internal://pokemon_stat_delta,2026-07-21 11:19:05.199378+00,0.0.0-dev
gallade-mega-delta,gallade-mega,475,0,0,0,0,0,0,0,0.0.0-dev,0.0.0-dev,derived: pokemon_stat_canonical vs pokemon_stat_champions,internal://pokemon_stat_delta,2026-07-21 11:19:05.199378+00,0.0.0-dev
audino-mega-delta,audino-mega,531,0,0,0,0,0,0,0,0.0.0-dev,0.0.0-dev,derived: pokemon_stat_canonical vs pokemon_stat_champions,internal://pokemon_stat_delta,2026-07-21 11:19:05.199378+00,0.0.0-dev
sharpedo-mega-delta,sharpedo-mega,319,0,0,0,0,0,0,0,0.0.0-dev,0.0.0-dev,derived: pokemon_stat_canonical vs pokemon_stat_champions,internal://pokemon_stat_delta,2026-07-21 11:19:05.199378+00,0.0.0-dev
slowbro-mega-delta,slowbro-mega,80,0,0,0,0,0,0,0,0.0.0-dev,0.0.0-dev,derived: pokemon_stat_canonical vs pokemon_stat_champions,internal://pokemon_stat_delta,2026-07-21 11:19:05.199378+00,0.0.0-dev
steelix-mega-delta,steelix-mega,208,0,0,0,0,0,0,0,0.0.0-dev,0.0.0-dev,derived: pokemon_stat_canonical vs pokemon_stat_champions,internal://pokemon_stat_delta,2026-07-21 11:19:05.199378+00,0.0.0-dev
pidgeot-mega-delta,pidgeot-mega,18,0,0,0,0,0,0,0,0.0.0-dev,0.0.0-dev,derived: pokemon_stat_canonical vs pokemon_stat_champions,internal://pokemon_stat_delta,2026-07-21 11:19:05.199378+00,0.0.0-dev
glalie-mega-delta,glalie-mega,362,0,0,0,0,0,0,0,0.0.0-dev,0.0.0-dev,derived: pokemon_stat_canonical vs pokemon_stat_champions,internal://pokemon_stat_delta,2026-07-21 11:19:05.199378+00,0.0.0-dev
metagross-mega-delta,metagross-mega,376,0,0,0,0,0,0,0,0.0.0-dev,0.0.0-dev,derived: pokemon_stat_canonical vs pokemon_stat_champions,internal://pokemon_stat_delta,2026-07-21 11:19:05.199378+00,0.0.0-dev
camerupt-mega-delta,camerupt-mega,323,0,0,0,0,0,0,0,0.0.0-dev,0.0.0-dev,derived: pokemon_stat_canonical vs pokemon_stat_champions,internal://pokemon_stat_delta,2026-07-21 11:19:05.199378+00,0.0.0-dev
lopunny-mega-delta,lopunny-mega,428,0,0,0,0,0,0,0,0.0.0-dev,0.0.0-dev,derived: pokemon_stat_canonical vs pokemon_stat_champions,internal://pokemon_stat_delta,2026-07-21 11:19:05.199378+00,0.0.0-dev
beedrill-mega-delta,beedrill-mega,15,0,0,0,0,0,0,0,0.0.0-dev,0.0.0-dev,derived: pokemon_stat_canonical vs pokemon_stat_champions,internal://pokemon_stat_delta,2026-07-21 11:19:05.199378+00,0.0.0-dev
raichu-alola-delta,raichu-alola,26,0,0,0,0,0,0,0,0.0.0-dev,0.0.0-dev,derived: pokemon_stat_canonical vs pokemon_stat_champions,internal://pokemon_stat_delta,2026-07-21 11:19:05.199378+00,0.0.0-dev
ninetales-alola-delta,ninetales-alola,38,0,0,0,0,0,0,0,0.0.0-dev,0.0.0-dev,derived: pokemon_stat_canonical vs pokemon_stat_champions,internal://pokemon_stat_delta,2026-07-21 11:19:05.199378+00,0.0.0-dev
lycanroc-midnight-delta,lycanroc-midnight,745,0,0,0,0,0,0,0,0.0.0-dev,0.0.0-dev,derived: pokemon_stat_canonical vs pokemon_stat_champions,internal://pokemon_stat_delta,2026-07-21 11:19:05.199378+00,0.0.0-dev
lycanroc-dusk-delta,lycanroc-dusk,745,0,0,0,0,0,0,0,0.0.0-dev,0.0.0-dev,derived: pokemon_stat_canonical vs pokemon_stat_champions,internal://pokemon_stat_delta,2026-07-21 11:19:05.199378+00,0.0.0-dev
slowbro-galar-delta,slowbro-galar,80,0,0,0,0,0,0,0,0.0.0-dev,0.0.0-dev,derived: pokemon_stat_canonical vs pokemon_stat_champions,internal://pokemon_stat_delta,2026-07-21 11:19:05.199378+00,0.0.0-dev
slowking-galar-delta,slowking-galar,199,0,0,0,0,0,0,0,0.0.0-dev,0.0.0-dev,derived: pokemon_stat_canonical vs pokemon_stat_champions,internal://pokemon_stat_delta,2026-07-21 11:19:05.199378+00,0.0.0-dev
stunfisk-galar-delta,stunfisk-galar,618,0,0,0,0,0,0,0,0.0.0-dev,0.0.0-dev,derived: pokemon_stat_canonical vs pokemon_stat_champions,internal://pokemon_stat_delta,2026-07-21 11:19:05.199378+00,0.0.0-dev
arcanine-hisui-delta,arcanine-hisui,59,0,0,0,0,0,0,0,0.0.0-dev,0.0.0-dev,derived: pokemon_stat_canonical vs pokemon_stat_champions,internal://pokemon_stat_delta,2026-07-21 11:19:05.199378+00,0.0.0-dev
typhlosion-hisui-delta,typhlosion-hisui,157,0,0,0,0,0,0,0,0.0.0-dev,0.0.0-dev,derived: pokemon_stat_canonical vs pokemon_stat_champions,internal://pokemon_stat_delta,2026-07-21 11:19:05.199378+00,0.0.0-dev
samurott-hisui-delta,samurott-hisui,503,0,0,0,0,0,0,0,0.0.0-dev,0.0.0-dev,derived: pokemon_stat_canonical vs pokemon_stat_champions,internal://pokemon_stat_delta,2026-07-21 11:19:05.199378+00,0.0.0-dev
zoroark-hisui-delta,zoroark-hisui,571,0,0,0,0,0,0,0,0.0.0-dev,0.0.0-dev,derived: pokemon_stat_canonical vs pokemon_stat_champions,internal://pokemon_stat_delta,2026-07-21 11:19:05.199378+00,0.0.0-dev
goodra-hisui-delta,goodra-hisui,706,0,0,0,0,0,0,0,0.0.0-dev,0.0.0-dev,derived: pokemon_stat_canonical vs pokemon_stat_champions,internal://pokemon_stat_delta,2026-07-21 11:19:05.199378+00,0.0.0-dev
avalugg-hisui-delta,avalugg-hisui,713,0,0,0,0,0,0,0,0.0.0-dev,0.0.0-dev,derived: pokemon_stat_canonical vs pokemon_stat_champions,internal://pokemon_stat_delta,2026-07-21 11:19:05.199378+00,0.0.0-dev
decidueye-hisui-delta,decidueye-hisui,724,0,0,0,0,0,0,0,0.0.0-dev,0.0.0-dev,derived: pokemon_stat_canonical vs pokemon_stat_champions,internal://pokemon_stat_delta,2026-07-21 11:19:05.199378+00,0.0.0-dev
basculegion-female-delta,basculegion-female,902,0,0,0,0,0,0,0,0.0.0-dev,0.0.0-dev,derived: pokemon_stat_canonical vs pokemon_stat_champions,internal://pokemon_stat_delta,2026-07-21 11:19:05.199378+00,0.0.0-dev
tauros-paldea-combat-breed-delta,tauros-paldea-combat-breed,128,0,0,0,0,0,0,0,0.0.0-dev,0.0.0-dev,derived: pokemon_stat_canonical vs pokemon_stat_champions,internal://pokemon_stat_delta,2026-07-21 11:19:05.199378+00,0.0.0-dev
tauros-paldea-blaze-breed-delta,tauros-paldea-blaze-breed,128,0,0,0,0,0,0,0,0.0.0-dev,0.0.0-dev,derived: pokemon_stat_canonical vs pokemon_stat_champions,internal://pokemon_stat_delta,2026-07-21 11:19:05.199378+00,0.0.0-dev
tauros-paldea-aqua-breed-delta,tauros-paldea-aqua-breed,128,0,0,0,0,0,0,0,0.0.0-dev,0.0.0-dev,derived: pokemon_stat_canonical vs pokemon_stat_champions,internal://pokemon_stat_delta,2026-07-21 11:19:05.199378+00,0.0.0-dev
palafin-hero-delta,palafin-hero,964,0,0,0,0,0,0,0,0.0.0-dev,0.0.0-dev,derived: pokemon_stat_canonical vs pokemon_stat_champions,internal://pokemon_stat_delta,2026-07-21 11:19:05.199378+00,0.0.0-dev
maushold-family-of-three-delta,maushold-family-of-three,925,0,0,0,0,0,0,0,0.0.0-dev,0.0.0-dev,derived: pokemon_stat_canonical vs pokemon_stat_champions,internal://pokemon_stat_delta,2026-07-21 11:19:05.199378+00,0.0.0-dev
clefable-mega-delta,clefable-mega,36,0,0,0,0,0,0,0,0.0.0-dev,0.0.0-dev,derived: pokemon_stat_canonical vs pokemon_stat_champions,internal://pokemon_stat_delta,2026-07-21 11:19:05.199378+00,0.0.0-dev
victreebel-mega-delta,victreebel-mega,71,0,0,0,0,0,0,0,0.0.0-dev,0.0.0-dev,derived: pokemon_stat_canonical vs pokemon_stat_champions,internal://pokemon_stat_delta,2026-07-21 11:19:05.199378+00,0.0.0-dev
starmie-mega-delta,starmie-mega,121,0,0,0,0,0,0,0,0.0.0-dev,0.0.0-dev,derived: pokemon_stat_canonical vs pokemon_stat_champions,internal://pokemon_stat_delta,2026-07-21 11:19:05.199378+00,0.0.0-dev
dragonite-mega-delta,dragonite-mega,149,0,0,0,0,0,0,0,0.0.0-dev,0.0.0-dev,derived: pokemon_stat_canonical vs pokemon_stat_champions,internal://pokemon_stat_delta,2026-07-21 11:19:05.199378+00,0.0.0-dev
meganium-mega-delta,meganium-mega,154,0,0,0,0,0,0,0,0.0.0-dev,0.0.0-dev,derived: pokemon_stat_canonical vs pokemon_stat_champions,internal://pokemon_stat_delta,2026-07-21 11:19:05.199378+00,0.0.0-dev
feraligatr-mega-delta,feraligatr-mega,160,0,0,0,0,0,0,0,0.0.0-dev,0.0.0-dev,derived: pokemon_stat_canonical vs pokemon_stat_champions,internal://pokemon_stat_delta,2026-07-21 11:19:05.199378+00,0.0.0-dev
skarmory-mega-delta,skarmory-mega,227,0,0,0,0,0,0,0,0.0.0-dev,0.0.0-dev,derived: pokemon_stat_canonical vs pokemon_stat_champions,internal://pokemon_stat_delta,2026-07-21 11:19:05.199378+00,0.0.0-dev
froslass-mega-delta,froslass-mega,478,0,0,0,0,0,0,0,0.0.0-dev,0.0.0-dev,derived: pokemon_stat_canonical vs pokemon_stat_champions,internal://pokemon_stat_delta,2026-07-21 11:19:05.199378+00,0.0.0-dev
emboar-mega-delta,emboar-mega,500,0,0,0,0,0,0,0,0.0.0-dev,0.0.0-dev,derived: pokemon_stat_canonical vs pokemon_stat_champions,internal://pokemon_stat_delta,2026-07-21 11:19:05.199378+00,0.0.0-dev
excadrill-mega-delta,excadrill-mega,530,0,0,0,0,0,0,0,0.0.0-dev,0.0.0-dev,derived: pokemon_stat_canonical vs pokemon_stat_champions,internal://pokemon_stat_delta,2026-07-21 11:19:05.199378+00,0.0.0-dev
scolipede-mega-delta,scolipede-mega,545,0,0,0,0,0,0,0,0.0.0-dev,0.0.0-dev,derived: pokemon_stat_canonical vs pokemon_stat_champions,internal://pokemon_stat_delta,2026-07-21 11:19:05.199378+00,0.0.0-dev
scrafty-mega-delta,scrafty-mega,560,0,0,0,0,0,0,0,0.0.0-dev,0.0.0-dev,derived: pokemon_stat_canonical vs pokemon_stat_champions,internal://pokemon_stat_delta,2026-07-21 11:19:05.199378+00,0.0.0-dev
eelektross-mega-delta,eelektross-mega,604,0,0,0,0,0,0,0,0.0.0-dev,0.0.0-dev,derived: pokemon_stat_canonical vs pokemon_stat_champions,internal://pokemon_stat_delta,2026-07-21 11:19:05.199378+00,0.0.0-dev
chandelure-mega-delta,chandelure-mega,609,0,0,0,0,0,0,0,0.0.0-dev,0.0.0-dev,derived: pokemon_stat_canonical vs pokemon_stat_champions,internal://pokemon_stat_delta,2026-07-21 11:19:05.199378+00,0.0.0-dev
chesnaught-mega-delta,chesnaught-mega,652,0,0,0,0,0,0,0,0.0.0-dev,0.0.0-dev,derived: pokemon_stat_canonical vs pokemon_stat_champions,internal://pokemon_stat_delta,2026-07-21 11:19:05.199378+00,0.0.0-dev
delphox-mega-delta,delphox-mega,655,0,0,0,0,0,0,0,0.0.0-dev,0.0.0-dev,derived: pokemon_stat_canonical vs pokemon_stat_champions,internal://pokemon_stat_delta,2026-07-21 11:19:05.199378+00,0.0.0-dev
greninja-mega-delta,greninja-mega,658,0,0,0,0,0,0,0,0.0.0-dev,0.0.0-dev,derived: pokemon_stat_canonical vs pokemon_stat_champions,internal://pokemon_stat_delta,2026-07-21 11:19:05.199378+00,0.0.0-dev
pyroar-mega-delta,pyroar-mega,668,0,0,0,0,0,0,0,0.0.0-dev,0.0.0-dev,derived: pokemon_stat_canonical vs pokemon_stat_champions,internal://pokemon_stat_delta,2026-07-21 11:19:05.199378+00,0.0.0-dev
floette-mega-delta,floette-mega,670,0,0,0,0,0,0,0,0.0.0-dev,0.0.0-dev,derived: pokemon_stat_canonical vs pokemon_stat_champions,internal://pokemon_stat_delta,2026-07-21 11:19:05.199378+00,0.0.0-dev
malamar-mega-delta,malamar-mega,687,0,0,0,0,0,0,0,0.0.0-dev,0.0.0-dev,derived: pokemon_stat_canonical vs pokemon_stat_champions,internal://pokemon_stat_delta,2026-07-21 11:19:05.199378+00,0.0.0-dev
barbaracle-mega-delta,barbaracle-mega,689,0,0,0,0,0,0,0,0.0.0-dev,0.0.0-dev,derived: pokemon_stat_canonical vs pokemon_stat_champions,internal://pokemon_stat_delta,2026-07-21 11:19:05.199378+00,0.0.0-dev
dragalge-mega-delta,dragalge-mega,691,0,0,0,0,0,0,0,0.0.0-dev,0.0.0-dev,derived: pokemon_stat_canonical vs pokemon_stat_champions,internal://pokemon_stat_delta,2026-07-21 11:19:05.199378+00,0.0.0-dev
hawlucha-mega-delta,hawlucha-mega,701,0,0,0,0,0,0,0,0.0.0-dev,0.0.0-dev,derived: pokemon_stat_canonical vs pokemon_stat_champions,internal://pokemon_stat_delta,2026-07-21 11:19:05.199378+00,0.0.0-dev
drampa-mega-delta,drampa-mega,780,0,0,0,0,0,0,0,0.0.0-dev,0.0.0-dev,derived: pokemon_stat_canonical vs pokemon_stat_champions,internal://pokemon_stat_delta,2026-07-21 11:19:05.199378+00,0.0.0-dev
falinks-mega-delta,falinks-mega,870,0,0,0,0,0,0,0,0.0.0-dev,0.0.0-dev,derived: pokemon_stat_canonical vs pokemon_stat_champions,internal://pokemon_stat_delta,2026-07-21 11:19:05.199378+00,0.0.0-dev
raichu-mega-x-delta,raichu-mega-x,26,0,0,0,0,0,0,0,0.0.0-dev,0.0.0-dev,derived: pokemon_stat_canonical vs pokemon_stat_champions,internal://pokemon_stat_delta,2026-07-21 11:19:05.199378+00,0.0.0-dev
raichu-mega-y-delta,raichu-mega-y,26,0,0,0,0,0,0,0,0.0.0-dev,0.0.0-dev,derived: pokemon_stat_canonical vs pokemon_stat_champions,internal://pokemon_stat_delta,2026-07-21 11:19:05.199378+00,0.0.0-dev
chimecho-mega-delta,chimecho-mega,358,0,0,0,0,0,0,0,0.0.0-dev,0.0.0-dev,derived: pokemon_stat_canonical vs pokemon_stat_champions,internal://pokemon_stat_delta,2026-07-21 11:19:05.199378+00,0.0.0-dev
staraptor-mega-delta,staraptor-mega,398,0,0,0,0,0,0,0,0.0.0-dev,0.0.0-dev,derived: pokemon_stat_canonical vs pokemon_stat_champions,internal://pokemon_stat_delta,2026-07-21 11:19:05.199378+00,0.0.0-dev
golurk-mega-delta,golurk-mega,623,0,0,0,0,0,0,0,0.0.0-dev,0.0.0-dev,derived: pokemon_stat_canonical vs pokemon_stat_champions,internal://pokemon_stat_delta,2026-07-21 11:19:05.199378+00,0.0.0-dev
crabominable-mega-delta,crabominable-mega,740,0,0,0,0,0,0,0,0.0.0-dev,0.0.0-dev,derived: pokemon_stat_canonical vs pokemon_stat_champions,internal://pokemon_stat_delta,2026-07-21 11:19:05.199378+00,0.0.0-dev
scovillain-mega-delta,scovillain-mega,952,0,0,0,0,0,0,0,0.0.0-dev,0.0.0-dev,derived: pokemon_stat_canonical vs pokemon_stat_champions,internal://pokemon_stat_delta,2026-07-21 11:19:05.199378+00,0.0.0-dev
glimmora-mega-delta,glimmora-mega,970,0,0,0,0,0,0,0,0.0.0-dev,0.0.0-dev,derived: pokemon_stat_canonical vs pokemon_stat_champions,internal://pokemon_stat_delta,2026-07-21 11:19:05.199378+00,0.0.0-dev
