pokebase_slug,pokeapi_form_name
abomasnow,abomasnow
abomasnow-mega,abomasnow-mega
absol,absol
absol-mega,absol-mega
aegislash-blade,aegislash-blade
aegislash-shield,aegislash-shield
aerodactyl,aerodactyl
aerodactyl-mega,aerodactyl-mega
aggron,aggron
aggron-mega,aggron-mega
alakazam,alakazam
alakazam-mega,alakazam-mega
alcremie,alcremie
altaria,altaria
altaria-mega,altaria-mega
ampharos,ampharos
ampharos-mega,ampharos-mega
annihilape,annihilape
appletun,appletun
araquanid,araquanid
arbok,arbok
arcanine,arcanine
arcanine-hisui,arcanine-hisui
archaludon,archaludon
ariados,ariados
armarouge,armarouge
aromatisse,aromatisse
audino,audino
audino-mega,audino-mega
aurorus,aurorus
avalugg,avalugg
avalugg-hisui,avalugg-hisui
azumarill,azumarill
banette,banette
banette-mega,banette-mega
barbaracle,barbaracle
barbaracle-mega,barbaracle-mega
basculegion,basculegion-male
basculegion-female,basculegion-female
bastiodon,bastiodon
beartic,beartic
beedrill,beedrill
beedrill-mega,beedrill-mega
bellibolt,bellibolt
blastoise,blastoise
blastoise-mega,blastoise-mega
blaziken,blaziken
blaziken-mega,blaziken-mega
camerupt,camerupt
camerupt-mega,camerupt-mega
castform,castform
ceruledge,ceruledge
chandelure,chandelure
chandelure-mega,chandelure-mega
charizard,charizard
charizard-mega-x,charizard-mega-x
charizard-mega-y,charizard-mega-y
chesnaught,chesnaught
chesnaught-mega,chesnaught-mega
chimecho,chimecho
chimecho-mega,chimecho-mega
clawitzer,clawitzer
clefable,clefable
clefable-mega,clefable-mega
cofagrigus,cofagrigus
conkeldurr,conkeldurr
corviknight,corviknight
crabominable,crabominable
crabominable-mega,crabominable-mega
decidueye,decidueye
decidueye-hisui,decidueye-hisui
dedenne,dedenne
delphox,delphox
delphox-mega,delphox-mega
diggersby,diggersby
ditto,ditto
dragalge,dragalge
dragalge-mega,dragalge-mega
dragapult,dragapult
dragonite,dragonite
dragonite-mega,dragonite-mega
drampa,drampa
drampa-mega,drampa-mega
eelektross,eelektross
eelektross-mega,eelektross-mega
emboar,emboar
emboar-mega,emboar-mega
emolga,emolga
empoleon,empoleon
espathra,espathra
espeon,espeon
excadrill,excadrill
excadrill-mega,excadrill-mega
falinks,falinks
falinks-mega,falinks-mega
farigiraf,farigiraf
feraligatr,feraligatr
feraligatr-mega,feraligatr-mega
flapple,flapple
flareon,flareon
floette,floette
floette-mega,floette-mega
florges,florges
forretress,forretress
froslass,froslass
froslass-mega,froslass-mega
furfrou,furfrou
gallade,gallade
gallade-mega,gallade-mega
garbodor,garbodor
garchomp,garchomp
garchomp-mega,garchomp-mega
gardevoir,gardevoir
gardevoir-mega,gardevoir-mega
garganacl,garganacl
gengar,gengar
gengar-mega,gengar-mega
gholdengo,gholdengo
glaceon,glaceon
glalie,glalie
glalie-mega,glalie-mega
glimmora,glimmora
glimmora-mega,glimmora-mega
gliscor,gliscor
golurk,golurk
golurk-mega,golurk-mega
goodra,goodra
goodra-hisui,goodra-hisui
gourgeist,gourgeist-average
greninja,greninja
greninja-mega,greninja-mega
grimmsnarl,grimmsnarl
gyarados,gyarados
gyarados-mega,gyarados-mega
hatterene,hatterene
hawlucha,hawlucha
hawlucha-mega,hawlucha-mega
heliolisk,heliolisk
heracross,heracross
heracross-mega,heracross-mega
hippowdon,hippowdon
houndoom,houndoom
houndoom-mega,houndoom-mega
houndstone,houndstone
hydrapple,hydrapple
hydreigon,hydreigon
incineroar,incineroar
infernape,infernape
jolteon,jolteon
kangaskhan,kangaskhan
kangaskhan-mega,kangaskhan-mega
kingambit,kingambit
kleavor,kleavor
klefki,klefki
kommo-o,kommo-o
krookodile,krookodile
leafeon,leafeon
liepard,liepard
lopunny,lopunny
lopunny-mega,lopunny-mega
lucario,lucario
lucario-mega,lucario-mega
luxray,luxray
lycanroc-dusk,lycanroc-dusk
lycanroc-midday,lycanroc-midday
lycanroc-midnight,lycanroc-midnight
machamp,machamp
malamar,malamar
malamar-mega,malamar-mega
mamoswine,mamoswine
manectric,manectric
manectric-mega,manectric-mega
maushold,maushold-family-of-four
mawile,mawile
mawile-mega,mawile-mega
medicham,medicham
medicham-mega,medicham-mega
meganium,meganium
meganium-mega,meganium-mega
meowscarada,meowscarada
meowstic,meowstic-male
meowstic-female,meowstic-female
metagross,metagross
metagross-mega,metagross-mega
milotic,milotic
mimikyu,mimikyu-disguised
morpeko,morpeko-full-belly
mr-rime,mr-rime
mudsdale,mudsdale
musharna,musharna
ninetales,ninetales
ninetales-alola,ninetales-alola
noivern,noivern
oranguru,oranguru
orthworm,orthworm
overqwil,overqwil
palafin,palafin-zero
pangoro,pangoro
passimian,passimian
pelipper,pelipper
pidgeot,pidgeot
pidgeot-mega,pidgeot-mega
pikachu,pikachu
pinsir,pinsir
pinsir-mega,pinsir-mega
politoed,politoed
polteageist,polteageist
primarina,primarina
pyroar,pyroar-male
pyroar-mega,pyroar-mega
quaquaval,quaquaval
qwilfish,qwilfish
raichu,raichu
raichu-alola,raichu-alola
raichu-mega-x,raichu-mega-x
raichu-mega-y,raichu-mega-y
rampardos,rampardos
reuniclus,reuniclus
rhyperior,rhyperior
roserade,roserade
rotom,rotom
rotom-fan,rotom-fan
rotom-frost,rotom-frost
rotom-heat,rotom-heat
rotom-mow,rotom-mow
rotom-wash,rotom-wash
runerigus,runerigus
sableye,sableye
sableye-mega,sableye-mega
salazzle,salazzle
samurott,samurott
samurott-hisui,samurott-hisui
sandaconda,sandaconda
sceptile,sceptile
sceptile-mega,sceptile-mega
scizor,scizor
scizor-mega,scizor-mega
scolipede,scolipede
scolipede-mega,scolipede-mega
scovillain,scovillain
scovillain-mega,scovillain-mega
scrafty,scrafty
scrafty-mega,scrafty-mega
serperior,serperior
sharpedo,sharpedo
sharpedo-mega,sharpedo-mega
simipour,simipour
simisage,simisage
simisear,simisear
sinistcha,sinistcha
skarmory,skarmory
skarmory-mega,skarmory-mega
skeledirge,skeledirge
slowbro,slowbro
slowbro-galar,slowbro-galar
slowbro-mega,slowbro-mega
slowking,slowking
slowking-galar,slowking-galar
slurpuff,slurpuff
sneasler,sneasler
snorlax,snorlax
spiritomb,spiritomb
staraptor,staraptor
staraptor-mega,staraptor-mega
starmie,starmie
starmie-mega,starmie-mega
steelix,steelix
steelix-mega,steelix-mega
stunfisk,stunfisk
stunfisk-galar,stunfisk-galar
swampert,swampert
swampert-mega,swampert-mega
sylveon,sylveon
talonflame,talonflame
tauros,tauros
tauros-paldea-aqua-breed,tauros-paldea-aqua-breed
tauros-paldea-blaze-breed,tauros-paldea-blaze-breed
tinkaton,tinkaton
torkoal,torkoal
torterra,torterra
toucannon,toucannon
toxapex,toxapex
toxicroak,toxicroak
trevenant,trevenant
tsareena,tsareena
typhlosion,typhlosion
typhlosion-hisui,typhlosion-hisui
tyranitar,tyranitar
tyranitar-mega,tyranitar-mega
tyrantrum,tyrantrum
umbreon,umbreon
vanilluxe,vanilluxe
vaporeon,vaporeon
venusaur,venusaur
venusaur-mega,venusaur-mega
victreebel,victreebel
victreebel-mega,victreebel-mega
vileplume,vileplume
vivillon,vivillon
volcarona,volcarona
watchog,watchog
weavile,weavile
whimsicott,whimsicott
wyrdeer,wyrdeer
zoroark,zoroark
zoroark-hisui,zoroark-hisui
